Time,SPACE1-1:CHICAGO_IL_USA ANNUAL HEATING 99% DESIGN CONDITIONS DB:Des Heat Load [W],SPACE1-1:CHICAGO_IL_USA ANNUAL COOLING 1% DESIGN CONDITIONS DB/MCWB:Des Sens Cool Load [W],SPACE1-1:CHICAGO_IL_USA ANNUAL HEATING 99% DESIGN CONDITIONS DB:Des Heat Mass Flow [kg/s],SPACE1-1:CHICAGO_IL_USA ANNUAL COOLING 1% DESIGN CONDITIONS DB/MCWB:Des Cool Mass Flow [kg/s],SPACE1-1::Des Latent Heat Load [W],SPACE1-1::Des Latent Cool Load [W],SPACE1-1::Des Latent Heat Mass Flow [kg/s],SPACE1-1::Des Latent Cool Mass Flow [kg/s],SPACE1-1::Des Heat Load No DOAS [W],SPACE1-1::Des Sens Cool Load No DOAS [W],SPACE1-1::Des Latent Heat Load No DOAS [W],SPACE1-1::Des Latent Cool Load No DOAS [W],SPACE1-1:CHICAGO_IL_USA ANNUAL HEATING 99% DESIGN CONDITIONS DB:Heating Zone Temperature [C],SPACE1-1:CHICAGO_IL_USA ANNUAL HEATING 99% DESIGN CONDITIONS DB:Heating Zone Relative Humidity [%],SPACE1-1:CHICAGO_IL_USA ANNUAL COOLING 1% DESIGN CONDITIONS DB/MCWB:Cooling Zone Temperature [C],SPACE1-1:CHICAGO_IL_USA ANNUAL COOLING 1% DESIGN CONDITIONS DB/MCWB:Cooling Zone Relative Humidity [%],SPACE2-1:CHICAGO_IL_USA ANNUAL HEATING 99% DESIGN CONDITIONS DB:Des Heat Load [W],SPACE2-1:CHICAGO_IL_USA ANNUAL COOLING 1% DESIGN CONDITIONS DB/MCWB:Des Sens Cool Load [W],SPACE2-1:CHICAGO_IL_USA ANNUAL HEATING 99% DESIGN CONDITIONS DB:Des Heat Mass Flow [kg/s],SPACE2-1:CHICAGO_IL_USA ANNUAL COOLING 1% DESIGN CONDITIONS DB/MCWB:Des Cool Mass Flow [kg/s],SPACE2-1::Des Latent Heat Load [W],SPACE2-1::Des Latent Cool Load [W],SPACE2-1::Des Latent Heat Mass Flow [kg/s],SPACE2-1::Des Latent Cool Mass Flow [kg/s],SPACE2-1::Des Heat Load No DOAS [W],SPACE2-1::Des Sens Cool Load No DOAS [W],SPACE2-1::Des Latent Heat Load No DOAS [W],SPACE2-1::Des Latent Cool Load No DOAS [W],SPACE2-1:CHICAGO_IL_USA ANNUAL HEATING 99% DESIGN CONDITIONS DB:Heating Zone Temperature [C],SPACE2-1:CHICAGO_IL_USA ANNUAL HEATING 99% DESIGN CONDITIONS DB:Heating Zone Relative Humidity [%],SPACE2-1:CHICAGO_IL_USA ANNUAL COOLING 1% DESIGN CONDITIONS DB/MCWB:Cooling Zone Temperature [C],SPACE2-1:CHICAGO_IL_USA ANNUAL COOLING 1% DESIGN CONDITIONS DB/MCWB:Cooling Zone Relative Humidity [%],SPACE3-1:CHICAGO_IL_USA ANNUAL HEATING 99% DESIGN CONDITIONS DB:Des Heat Load [W],SPACE3-1:CHICAGO_IL_USA ANNUAL COOLING 1% DESIGN CONDITIONS DB/MCWB:Des Sens Cool Load [W],SPACE3-1:CHICAGO_IL_USA ANNUAL HEATING 99% DESIGN CONDITIONS DB:Des Heat Mass Flow [kg/s],SPACE3-1:CHICAGO_IL_USA ANNUAL COOLING 1% DESIGN CONDITIONS DB/MCWB:Des Cool Mass Flow [kg/s],SPACE3-1::Des Latent Heat Load [W],SPACE3-1::Des Latent Cool Load [W],SPACE3-1::Des Latent Heat Mass Flow [kg/s],SPACE3-1::Des Latent Cool Mass Flow [kg/s],SPACE3-1::Des Heat Load No DOAS [W],SPACE3-1::Des Sens Cool Load No DOAS [W],SPACE3-1::Des Latent Heat Load No DOAS [W],SPACE3-1::Des Latent Cool Load No DOAS [W],SPACE3-1:CHICAGO_IL_USA ANNUAL HEATING 99% DESIGN CONDITIONS DB:Heating Zone Temperature [C],SPACE3-1:CHICAGO_IL_USA ANNUAL HEATING 99% DESIGN CONDITIONS DB:Heating Zone Relative Humidity [%],SPACE3-1:CHICAGO_IL_USA ANNUAL COOLING 1% DESIGN CONDITIONS DB/MCWB:Cooling Zone Temperature [C],SPACE3-1:CHICAGO_IL_USA ANNUAL COOLING 1% DESIGN CONDITIONS DB/MCWB:Cooling Zone Relative Humidity [%],SPACE4-1:CHICAGO_IL_USA ANNUAL HEATING 99% DESIGN CONDITIONS DB:Des Heat Load [W],SPACE4-1:CHICAGO_IL_USA ANNUAL COOLING 1% DESIGN CONDITIONS DB/MCWB:Des Sens Cool Load [W],SPACE4-1:CHICAGO_IL_USA ANNUAL HEATING 99% DESIGN CONDITIONS DB:Des Heat Mass Flow [kg/s],SPACE4-1:CHICAGO_IL_USA ANNUAL COOLING 1% DESIGN CONDITIONS DB/MCWB:Des Cool Mass Flow [kg/s],SPACE4-1::Des Latent Heat Load [W],SPACE4-1::Des Latent Cool Load [W],SPACE4-1::Des Latent Heat Mass Flow [kg/s],SPACE4-1::Des Latent Cool Mass Flow [kg/s],SPACE4-1::Des Heat Load No DOAS [W],SPACE4-1::Des Sens Cool Load No DOAS [W],SPACE4-1::Des Latent Heat Load No DOAS [W],SPACE4-1::Des Latent Cool Load No DOAS [W],SPACE4-1:CHICAGO_IL_USA ANNUAL HEATING 99% DESIGN CONDITIONS DB:Heating Zone Temperature [C],SPACE4-1:CHICAGO_IL_USA ANNUAL HEATING 99% DESIGN CONDITIONS DB:Heating Zone Relative Humidity [%],SPACE4-1:CHICAGO_IL_USA ANNUAL COOLING 1% DESIGN CONDITIONS DB/MCWB:Cooling Zone Temperature [C],SPACE4-1:CHICAGO_IL_USA ANNUAL COOLING 1% DESIGN CONDITIONS DB/MCWB:Cooling Zone Relative Humidity [%],SPACE5-1:CHICAGO_IL_USA ANNUAL HEATING 99% DESIGN CONDITIONS DB:Des Heat Load [W],SPACE5-1:CHICAGO_IL_USA ANNUAL COOLING 1% DESIGN CONDITIONS DB/MCWB:Des Sens Cool Load [W],SPACE5-1:CHICAGO_IL_USA ANNUAL HEATING 99% DESIGN CONDITIONS DB:Des Heat Mass Flow [kg/s],SPACE5-1:CHICAGO_IL_USA ANNUAL COOLING 1% DESIGN CONDITIONS DB/MCWB:Des Cool Mass Flow [kg/s],SPACE5-1::Des Latent Heat Load [W],SPACE5-1::Des Latent Cool Load [W],SPACE5-1::Des Latent Heat Mass Flow [kg/s],SPACE5-1::Des Latent Cool Mass Flow [kg/s],SPACE5-1::Des Heat Load No DOAS [W],SPACE5-1::Des Sens Cool Load No DOAS [W],SPACE5-1::Des Latent Heat Load No DOAS [W],SPACE5-1::Des Latent Cool Load No DOAS [W],SPACE5-1:CHICAGO_IL_USA ANNUAL HEATING 99% DESIGN CONDITIONS DB:Heating Zone Temperature [C],SPACE5-1:CHICAGO_IL_USA ANNUAL HEATING 99% DESIGN CONDITIONS DB:Heating Zone Relative Humidity [%],SPACE5-1:CHICAGO_IL_USA ANNUAL COOLING 1% DESIGN CONDITIONS DB/MCWB:Cooling Zone Temperature [C],SPACE5-1:CHICAGO_IL_USA ANNUAL COOLING 1% DESIGN CONDITIONS DB/MCWB:Cooling Zone Relative Humidity [%]
00:15:00,3.847054E+03,0.000000E+00,1.367000E-01,0.000000E+00,0.000000E+00,0.000000E+00,0.000000E+00,0.000000E+00,0.000000E+00,0.000000E+00,0.000000E+00,0.000000E+00,2.219897E+01,2.231807E+01,2.231274E+01,5.471030E+01,1.619462E+03,0.000000E+00,5.754558E-02,0.000000E+00,0.000000E+00,0.000000E+00,0.000000E+00,0.000000E+00,0.000000E+00,0.000000E+00,0.000000E+00,0.000000E+00,2.219902E+01,2.226968E+01,2.231054E+01,5.527030E+01,3.739331E+03,0.000000E+00,1.328722E-01,0.000000E+00,0.000000E+00,0.000000E+00,0.000000E+00,0.000000E+00,0.000000E+00,0.000000E+00,0.000000E+00,0.000000E+00,2.219896E+01,2.228262E+01,2.225570E+01,5.553746E+01,1.619462E+03,0.000000E+00,5.754558E-02,0.000000E+00,0.000000E+00,0.000000E+00,0.000000E+00,0.000000E+00,0.000000E+00,0.000000E+00,0.000000E+00,0.000000E+00,2.219902E+01,2.226968E+01,2.242752E+01,5.233164E+01,2.954047E+03,0.000000E+00,1.049678E-01,0.000000E+00,0.000000E+00,0.000000E+00,0.000000E+00,0.000000E+00,0.000000E+00,0.000000E+00,0.000000E+00,0.000000E+00,2.219887E+01,2.062306E+01,2.217087E+01,5.852968E+01
00:30:00,3.847054E+03,0.000000E+00,1.367000E-01,0.000000E+00,0.000000E+00,0.000000E+00,0.000000E+00,0.000000E+00,0.000000E+00,0.000000E+00,0.000000E+00,0.000000E+00,2.219897E+01,2.231807E+01,2.223338E+01,5.497525E+01,1.619462E+03,0.000000E+00,5.754558E-02,0.000000E+00,0.000000E+00,0.000000E+00,0.000000E+00,0.000000E+00,0.000000E+00,0.000000E+00,0.000000E+00,0.000000E+00,2.219902E+01,2.226968E+01,2.223277E+01,5.553258E+01,3.739331E+03,0.000000E+00,1.328722E-01,0.000000E+00,0.000000E+00,0.000000E+00,0.000000E+00,0.000000E+00,0.000000E+00,0.000000E+00,0.000000E+00,0.000000E+00,2.219896E+01,2.228262E+01,2.217776E+01,5.580167E+01,1.619462E+03,0.000000E+00,5.754558E-02,0.000000E+00,0.000000E+00,0.000000E+00,0.000000E+00,0.000000E+00,0.000000E+00,0.000000E+00,0.000000E+00,0.000000E+00,2.219902E+01,2.226968E+01,2.233497E+01,5.262704E+01,2.954047E+03,0.000000E+00,1.049678E-01,0.000000E+00,0.000000E+00,0.000000E+00,0.000000E+00,0.000000E+00,0.000000E+00,0.000000E+00,0.000000E+00,0.000000E+00,2.219887E+01,2.062306E+01,2.211036E+01,5.874587E+01
00:45:00,3.847054E+03,0.000000E+00,1.367000E-01,0.000000E+00,0.000000E+00,0.000000E+00,0.000000E+00,0.000000E+00,0.000000E+00,0.000000E+00,0.000000E+00,0.000000E+00,2.219897E+01,2.231807E+01,2.215769E+01,5.522924E+01,1.619462E+03,0.000000E+00,5.754558E-02,0.000000E+00,0.000000E+00,0.000000E+00,0.000000E+00,0.000000E+00,0.000000E+00,0.000000E+00,0.000000E+00,0.000000E+00,2.219902E+01,2.226968E+01,2.215835E+01,5.578485E+01,3.739331E+03,0.000000E+00,1.328722E-01,0.000000E+00,0.000000E+00,0.000000E+00,0.000000E+00,0.000000E+00,0.000000E+00,0.000000E+00,0.000000E+00,0.000000E+00,2.219896E+01,2.228262E+01,2.210333E+01,5.605531E+01,1.619462E+03,0.000000E+00,5.754558E-02,0.000000E+00,0.000000E+00,0.000000E+00,0.000000E+00,0.000000E+00,0.000000E+00,0.000000E+00,0.000000E+00,0.000000E+00,2.219902E+01,2.226968E+01,2.224752E+01,5.290787E+01,2.954047E+03,0.000000E+00,1.049678E-01,0.000000E+00,0.000000E+00,0.000000E+00,0.000000E+00,0.000000E+00,0.000000E+00,0.000000E+00,0.000000E+00,0.000000E+00,2.219887E+01,2.062306E+01,2.205272E+01,5.895267E+01
01:00:00,3.847054E+03,0.000000E+00,1.367000E-01,0.000000E+00,0.000000E+00,0.000000E+00,0.000000E+00,0.000000E+00,0.000000E+00,0.000000E+00,0.000000E+00,0.000000E+00,2.219897E+01,2.231807E+01,2.208514E+01,5.547396E+01,1.619462E+03,0.000000E+00,5.754558E-02,0.000000E+00,0.000000E+00,0.000000E+00,0.000000E+00,0.000000E+00,0.000000E+00,0.000000E+00,0.000000E+00,0.000000E+00,2.219902E+01,2.226968E+01,2.208686E+01,5.602840E+01,3.739331E+03,0.000000E+00,1.328722E-01,0.000000E+00,0.000000E+00,0.000000E+00,0.000000E+00,0.000000E+00,0.000000E+00,0.000000E+00,0.000000E+00,0.000000E+00,2.219896E+01,2.228262E+01,2.203190E+01,5.629996E+01,1.619462E+03,0.000000E+00,5.754558E-02,0.000000E+00,0.000000E+00,0.000000E+00,0.000000E+00,0.000000E+00,0.000000E+00,0.000000E+00,0.000000E+00,0.000000E+00,2.219902E+01,2.226968E+01,2.216459E+01,5.317577E+01,2.954047E+03,0.000000E+00,1.049678E-01,0.000000E+00,0.000000E+00,0.000000E+00,0.000000E+00,0.000000E+00,0.000000E+00,0.000000E+00,0.000000E+00,0.000000E+00,2.219887E+01,2.062306E+01,2.199773E+01,5.915069E+01
01:15:00,3.847054E+03,0.000000E+00,1.367000E-01,0.000000E+00,0.000000E+00,0.000000E+00,0.000000E+00,0.000000E+00,0.000000E+00,0.000000E+00,0.000000E+00,0.000000E+00,2.219897E+01,2.231807E+01,2.201533E+01,5.571060E+01,1.619462E+03,0.000000E+00,5.754558E-02,0.000000E+00,0.000000E+00,0.000000E+00,0.000000E+00,0.000000E+00,0.000000E+00,0.000000E+00,0.000000E+00,0.000000E+00,2.219902E+01,2.226968E+01,2.201801E+01,5.626410E+01,3.739331E+03,0.000000E+00,1.328722E-01,0.000000E+00,0.000000E+00,0.000000E+00,0.000000E+00,0.000000E+00,0.000000E+00,0.000000E+00,0.000000E+00,0.000000E+00,2.219896E+01,2.228262E+01,2.196310E+01,5.653673E+01,1.619462E+03,0.000000E+00,5.754558E-02,0.000000E+00,0.000000E+00,0.000000E+00,0.000000E+00,0.000000E+00,0.000000E+00,0.000000E+00,0.000000E+00,0.000000E+00,2.219902E+01,2.226968E+01,2.208570E+01,5.343201E+01,2.954047E+03,0.000000E+00,1.049678E-01,0.000000E+00,0.000000E+00,0.000000E+00,0.000000E+00,0.000000E+00,0.000000E+00,0.000000E+00,0.000000E+00,0.000000E+00,2.219887E+01,2.062306E+01,2.194522E+01,5.934050E+01
01:30:00,3.847054E+03,0.000000E+00,1.367000E-01,0.000000E+00,0.000000E+00,0.000000E+00,0.000000E+00,0.000000E+00,0.000000E+00,0.000000E+00,0.000000E+00,0.000000E+00,2.219897E+01,2.231807E+01,2.194976E+01,5.593390E+01,1.619462E+03,0.000000E+00,5.754558E-02,0.000000E+00,0.000000E+00,0.000000E+00,0.000000E+00,0.000000E+00,0.000000E+00,0.000000E+00,0.000000E+00,0.000000E+00,2.219902E+01,2.226968E+01,2.195291E+01,5.648800E+01,3.739331E+03,0.000000E+00,1.328722E-01,0.000000E+00,0.000000E+00,0.000000E+00,0.000000E+00,0.000000E+00,0.000000E+00,0.000000E+00,0.000000E+00,0.000000E+00,2.219896E+01,2.228262E+01,2.189834E+01,5.676062E+01,1.619462E+03,0.000000E+00,5.754558E-02,0.000000E+00,0.000000E+00,0.000000E+00,0.000000E+00,0.000000E+00,0.000000E+00,0.000000E+00,0.000000E+00,0.000000E+00,2.219902E+01,2.226968E+01,2.201183E+01,5.367324E+01,2.954047E+03,0.000000E+00,1.049678E-01,0.000000E+00,0.000000E+00,0.000000E+00,0.000000E+00,0.000000E+00,0.000000E+00,0.000000E+00,0.000000E+00,0.000000E+00,2.219887E+01,2.062306E+01,2.189502E+01,5.952259E+01
01:45:00,3.847054E+03,0.000000E+00,1.367000E-01,0.000000E+00,0.000000E+00,0.000000E+00,0.000000E+00,0.000000E+00,0.000000E+00,0.000000E+00,0.000000E+00,0.000000E+00,2.219897E+01,2.231807E+01,2.188785E+01,5.614564E+01,1.619462E+03,0.000000E+00,5.754558E-02,0.000000E+00,0.000000E+00,0.000000E+00,0.000000E+00,0.000000E+00,0.000000E+00,0.000000E+00,0.000000E+00,0.000000E+00,2.219902E+01,2.226968E+01,2.189113E+01,5.670140E+01,3.739331E+03,0.000000E+00,1.328722E-01,0.000000E+00,0.000000E+00,0.000000E+00,0.000000E+00,0.000000E+00,0.000000E+00,0.000000E+00,0.000000E+00,0.000000E+00,2.219896E+01,2.228262E+01,2.183710E+01,5.697326E+01,1.619462E+03,0.000000E+00,5.754558E-02,0.000000E+00,0.000000E+00,0.000000E+00,0.000000E+00,0.000000E+00,0.000000E+00,0.000000E+00,0.000000E+00,0.000000E+00,2.219902E+01,2.226968E+01,2.194238E+01,5.390111E+01,2.954047E+03,0.000000E+00,1.049678E-01,0.000000E+00,0.000000E+00,0.000000E+00,0.000000E+00,0.000000E+00,0.000000E+00,0.000000E+00,0.000000E+00,0.000000E+00,2.219887E+01,2.062306E+01,2.184700E+01,5.969735E+01
02:00:00,3.847054E+03,0.000000E+00,1.367000E-01,0.000000E+00,0.000000E+00,0.000000E+00,0.000000E+00,0.000000E+00,0.000000E+00,0.000000E+00,0.000000E+00,0.000000E+00,2.219897E+01,2.231807E+01,2.182892E+01,5.634808E+01,1.619462E+03,0.000000E+00,5.754558E-02,0.000000E+00,0.000000E+00,0.000000E+00,0.000000E+00,0.000000E+00,0.000000E+00,0.000000E+00,0.000000E+00,0.000000E+00,2.219902E+01,2.226968E+01,2.183202E+01,5.690642E+01,3.739331E+03,0.000000E+00,1.328722E-01,0.000000E+00,0.000000E+00,0.000000E+00,0.000000E+00,0.000000E+00,0.000000E+00,0.000000E+00,0.000000E+00,0.000000E+00,2.219896E+01,2.228262E+01,2.177872E+01,5.717681E+01,1.619462E+03,0.000000E+00,5.754558E-02,0.000000E+00,0.000000E+00,0.000000E+00,0.000000E+00,0.000000E+00,0.000000E+00,0.000000E+00,0.000000E+00,0.000000E+00,2.219902E+01,2.226968E+01,2.187659E+01,5.411801E+01,2.954047E+03,0.000000E+00,1.049678E-01,0.000000E+00,0.000000E+00,0.000000E+00,0.000000E+00,0.000000E+00,0.000000E+00,0.000000E+00,0.000000E+00,0.000000E+00,2.219887E+01,2.062306E+01,2.180106E+01,5.986511E+01
02:15:00,3.847054E+03,0.000000E+00,1.367000E-01,0.000000E+00,0.000000E+00,0.000000E+00,0.000000E+00,0.000000E+00,0.000000E+00,0.000000E+00,0.000000E+00,0.000000E+00,2.219897E+01,2.231807E+01,2.177243E+01,5.654286E+01,1.619462E+03,0.000000E+00,5.754558E-02,0.000000E+00,0.000000E+00,0.000000E+00,0.000000E+00,0.000000E+00,0.000000E+00,0.000000E+00,0.000000E+00,0.000000E+00,2.219902E+01,2.226968E+01,2.177528E+01,5.710403E+01,3.739331E+03,0.000000E+00,1.328722E-01,0.000000E+00,0.000000E+00,0.000000E+00,0.000000E+00,0.000000E+00,0.000000E+00,0.000000E+00,0.000000E+00,0.000000E+00,2.219896E+01,2.228262E+01,2.172272E+01,5.737281E+01,1.619462E+03,0.000000E+00,5.754558E-02,0.000000E+00,0.000000E+00,0.000000E+00,0.000000E+00,0.000000E+00,0.000000E+00,0.000000E+00,0.000000E+00,0.000000E+00,2.219902E+01,2.226968E+01,2.181402E+01,5.432521E+01,2.954047E+03,0.000000E+00,1.049678E-01,0.000000E+00,0.000000E+00,0.000000E+00,0.000000E+00,0.000000E+00,0.000000E+00,0.000000E+00,0.000000E+00,0.000000E+00,2.219887E+01,2.062306E+01,2.175709E+01,6.002614E+01
02:30:00,3.847054E+03,0.000000E+00,1.367000E-01,0.000000E+00,0.000000E+00,0.000000E+00,0.000000E+00,0.000000E+00,0.000000E+00,0.000000E+00,0.000000E+00,0.000000E+00,2.219897E+01,2.231807E+01,2.171885E+01,5.672833E+01,1.619462E+03,0.000000E+00,5.754558E-02,0.000000E+00,0.000000E+00,0.000000E+00,0.000000E+00,0.000000E+00,0.000000E+00,0.000000E+00,0.000000E+00,0.000000E+00,2.219902E+01,2.226968E+01,2.172127E+01,5.729283E+01,3.739331E+03,0.000000E+00,1.328722E-01,0.000000E+00,0.000000E+00,0.000000E+00,0.000000E+00,0.000000E+00,0.000000E+00,0.000000E+00,0.000000E+00,0.000000E+00,2.219896E+01,2.228262E+01,2.166954E+01,5.755967E+01,1.619462E+03,0.000000E+00,5.754558E-02,0.000000E+00,0.000000E+00,0.000000E+00,0.000000E+00,0.000000E+00,0.000000E+00,0.000000E+00,0.000000E+00,0.000000E+00,2.219902E+01,2.226968E+01,2.175494E+01,5.452167E+01,2.954047E+03,0.000000E+00,1.049678E-01,0.000000E+00,0.000000E+00,0.000000E+00,0.000000E+00,0.000000E+00,0.000000E+00,0.000000E+00,0.000000E+00,0.000000E+00,2.219887E+01,2.062306E+01,2.171501E+01,6.018074E+01
02:45:00,3.847054E+03,0.000000E+00,1.367000E-01,0.000000E+00,0.000000E+00,0.000000E+00,0.000000E+00,0.000000E+00,0.000000E+00,0.000000E+00,0.000000E+00,0.000000E+00,2.219897E+01,2.231807E+01,2.166807E+01,5.690471E+01,1.619462E+03,0.000000E+00,5.754558E-02,0.000000E+00,0.000000E+00,0.000000E+00,0.000000E+00,0.000000E+00,0.000000E+00,0.000000E+00,0.000000E+00,0.000000E+00,2.219902E+01,2.226968E+01,2.166991E+01,5.747301E+01,3.739331E+03,0.000000E+00,1.328722E-01,0.000000E+00,0.000000E+00,0.000000E+00,0.000000E+00,0.000000E+00,0.000000E+00,0.000000E+00,0.000000E+00,0.000000E+00,2.219896E+01,2.228262E+01,2.161908E+01,5.773758E+01,1.619462E+03,0.000000E+00,5.754558E-02,0.000000E+00,0.000000E+00,0.000000E+00,0.000000E+00,0.000000E+00,0.000000E+00,0.000000E+00,0.000000E+00,0.000000E+00,2.219902E+01,2.226968E+01,2.169916E+01,5.470785E+01,2.954047E+03,0.000000E+00,1.049678E-01,0.000000E+00,0.000000E+00,0.000000E+00,0.000000E+00,0.000000E+00,0.000000E+00,0.000000E+00,0.000000E+00,0.000000E+00,2.219887E+01,2.062306E+01,2.167472E+01,6.032916E+01
03:00:00,3.847054E+03,0.000000E+00,1.367000E-01,0.000000E+00,0.000000E+00,0.000000E+00,0.000000E+00,0.000000E+00,0.000000E+00,0.000000E+00,0.000000E+00,0.000000E+00,2.219897E+01,2.231807E+01,2.161970E+01,5.707331E+01,1.619462E+03,0.000000E+00,5.754558E-02,0.000000E+00,0.000000E+00,0.000000E+00,0.000000E+00,0.000000E+00,0.000000E+00,0.000000E+00,0.000000E+00,0.000000E+00,2.219902E+01,2.226968E+01,2.162088E+01,5.764562E+01,3.739331E+03,0.000000E+00,1.328722E-01,0.000000E+00,0.000000E+00,0.000000E+00,0.000000E+00,0.000000E+00,0.000000E+00,0.000000E+00,0.000000E+00,0.000000E+00,2.219896E+01,2.228262E+01,2.157098E+01,5.790777E+01,1.619462E+03,0.000000E+00,5.754558E-02,0.000000E+00,0.000000E+00,0.000000E+00,0.000000E+00,0.000000E+00,0.000000E+00,0.000000E+00,0.000000E+00,0.000000E+00,2.219902E+01,2.226968E+01,2.164630E+01,5.488501E+01,2.954047E+03,0.000000E+00,1.049678E-01,0.000000E+00,0.000000E+00,0.000000E+00,0.000000E+00,0.000000E+00,0.000000E+00,0.000000E+00,0.000000E+00,0.000000E+00,2.219887E+01,2.062306E+01,2.163615E+01,6.047165E+01
03:15:00,3.847054E+03,0.000000E+00,1.367000E-01,0.000000E+00,0.000000E+00,0.000000E+00,0.000000E+00,0.000000E+00,0.000000E+00,0.000000E+00,0.000000E+00,0.000000E+00,2.219897E+01,2.231807E+01,2.157342E+01,5.723518E+01,1.619462E+03,0.000000E+00,5.754558E-02,0.000000E+00,0.000000E+00,0.000000E+00,0.000000E+00,0.000000E+00,0.000000E+00,0.000000E+00,0.000000E+00,0.000000E+00,2.219902E+01,2.226968E+01,2.157394E+01,5.781143E+01,3.739331E+03,0.000000E+00,1.328722E-01,0.000000E+00,0.000000E+00,0.000000E+00,0.000000E+00,0.000000E+00,0.000000E+00,0.000000E+00,0.000000E+00,0.000000E+00,2.219896E+01,2.228262E+01,2.152493E+01,5.807123E+01,1.619462E+03,0.000000E+00,5.754558E-02,0.000000E+00,0.000000E+00,0.000000E+00,0.000000E+00,0.000000E+00,0.000000E+00,0.000000E+00,0.000000E+00,0.000000E+00,2.219902E+01,2.226968E+01,2.159601E+01,5.505410E+01,2.954047E+03,0.000000E+00,1.049678E-01,0.000000E+00,0.000000E+00,0.000000E+00,0.000000E+00,0.000000E+00,0.000000E+00,0.000000E+00,0.000000E+00,0.000000E+00,2.219887E+01,2.062306E+01,2.159922E+01,6.060842E+01
03:30:00,3.847054E+03,0.000000E+00,1.367000E-01,0.000000E+00,0.000000E+00,0.000000E+00,0.000000E+00,0.000000E+00,0.000000E+00,0.000000E+00,0.000000E+00,0.000000E+00,2.219897E+01,2.231807E+01,2.152913E+01,5.739055E+01,1.619462E+03,0.000000E+00,5.754558E-02,0.000000E+00,0.000000E+00,0.000000E+00,0.000000E+00,0.000000E+00,0.000000E+00,0.000000E+00,0.000000E+00,0.000000E+00,2.219902E+01,2.226968E+01,2.152903E+01,5.797057E+01,3.739331E+03,0.000000E+00,1.328722E-01,0.000000E+00,0.000000E+00,0.000000E+00,0.000000E+00,0.000000E+00,0.000000E+00,0.000000E+00,0.000000E+00,0.000000E+00,2.219896E+01,2.228262E+01,2.148085E+01,5.822817E+01,1.619462E+03,0.000000E+00,5.754558E-02,0.000000E+00,0.000000E+00,0.000000E+00,0.000000E+00,0.000000E+00,0.000000E+00,0.000000E+00,0.000000E+00,0.000000E+00,2.219902E+01,2.226968E+01,2.154820E+01,5.521542E+01,2.954047E+03,0.000000E+00,1.049678E-01,0.000000E+00,0.000000E+00,0.000000E+00,0.000000E+00,0.000000E+00,0.000000E+00,0.000000E+00,0.000000E+00,0.000000E+00,2.219887E+01,2.062306E+01,2.156397E+01,6.073932E+01
03:45:00,3.847054E+03,0.000000E+00,1.367000E-01,0.000000E+00,0.000000E+00,0.000000E+00,0.000000E+00,0.000000E+00,0.000000E+00,0.000000E+00,0.000000E+00,0.000000E+00,2.219897E+01,2.231807E+01,2.148663E+01,5.754009E+01,1.619462E+03,0.000000E+00,5.754558E-02,0.000000E+00,0.000000E+00,0.000000E+00,0.000000E+00,0.000000E+00,0.000000E+00,0.000000E+00,0.000000E+00,0.000000E+00,2.219902E+01,2.226968E+01,2.148596E+01,5.812364E+01,3.739331E+03,0.000000E+00,1.328722E-01,0.000000E+00,0.000000E+00,0.000000E+00,0.000000E+00,0.000000E+00,0.000000E+00,0.000000E+00,0.000000E+00,0.000000E+00,2.219896E+01,2.228262E+01,2.143855E+01,5.837925E+01,1.619462E+03,0.000000E+00,5.754558E-02,0.000000E+00,0.000000E+00,0.000000E+00,0.000000E+00,0.000000E+00,0.000000E+00,0.000000E+00,0.000000E+00,0.000000E+00,2.219902E+01,2.226968E+01,2.150262E+01,5.536973E+01,2.954047E+03,0.000000E+00,1.049678E-01,0.000000E+00,0.000000E+00,0.000000E+00,0.000000E+00,0.000000E+00,0.000000E+00,0.000000E+00,0.000000E+00,0.000000E+00,2.219887E+01,2.062306E+01,2.153024E+01,6.086485E+01
04:00:00,3.847054E+03,0.000000E+00,1.367000E-01,0.000000E+00,0.000000E+00,0.000000E+00,0.000000E+00,0.000000E+00,0.000000E+00,0.000000E+00,0.000000E+00,0.000000E+00,2.219897E+01,2.231807E+01,2.144574E+01,5.768434E+01,1.619462E+03,0.000000E+00,5.754558E-02,0.000000E+00,0.000000E+00,0.000000E+00,0.000000E+00,0.000000E+00,0.000000E+00,0.000000E+00,0.000000E+00,0.000000E+00,2.219902E+01,2.226968E+01,2.144457E+01,5.827116E+01,3.739331E+03,0.000000E+00,1.328722E-01,0.000000E+00,0.000000E+00,0.000000E+00,0.000000E+00,0.000000E+00,0.000000E+00,0.000000E+00,0.000000E+00,0.000000E+00,2.219896E+01,2.228262E+01,2.139785E+01,5.852499E+01,1.619462E+03,0.000000E+00,5.754558E-02,0.000000E+00,0.000000E+00,0.000000E+00,0.000000E+00,0.000000E+00,0.000000E+00,0.000000E+00,0.000000E+00,0.000000E+00,2.219902E+01,2.226968E+01,2.145904E+01,5.551769E+01,2.954047E+03,0.000000E+00,1.049678E-01,0.000000E+00,0.000000E+00,0.000000E+00,0.000000E+00,0.000000E+00,0.000000E+00,0.000000E+00,0.000000E+00,0.000000E+00,2.219887E+01,2.062306E+01,2.149791E+01,6.098545E+01
04:15:00,3.847054E+03,0.000000E+00,1.367000E-01,0.000000E+00,0.000000E+00,0.000000E+00,0.000000E+00,0.000000E+00,0.000000E+00,0.000000E+00,0.000000E+00,0.000000E+00,2.219897E+01,2.231807E+01,2.140636E+01,5.782370E+01,1.619462E+03,0.000000E+00,5.754558E-02,0.000000E+00,0.000000E+00,0.000000E+00,0.000000E+00,0.000000E+00,0.000000E+00,0.000000E+00,0.000000E+00,0.000000E+00,2.219902E+01,2.226968E+01,2.140475E+01,5.841351E+01,3.739331E+03,0.000000E+00,1.328722E-01,0.000000E+00,0.000000E+00,0.000000E+00,0.000000E+00,0.000000E+00,0.000000E+00,0.000000E+00,0.000000E+00,0.000000E+00,2.219896E+01,2.228262E+01,2.135865E+01,5.866579E+01,1.619462E+03,0.000000E+00,5.754558E-02,0.000000E+00,0.000000E+00,0.000000E+00,0.000000E+00,0.000000E+00,0.000000E+00,0.000000E+00,0.000000E+00,0.000000E+00,2.219902E+01,2.226968E+01,2.141731E+01,5.565978E+01,2.954047E+03,0.000000E+00,1.049678E-01,0.000000E+00,0.000000E+00,0.000000E+00,0.000000E+00,0.000000E+00,0.000000E+00,0.000000E+00,0.000000E+00,0.000000E+00,2.219887E+01,2.062306E+01,2.146689E+01,6.110138E+01
04:30:00,3.847054E+03,0.000000E+00,1.367000E-01,0.000000E+00,0.000000E+00,0.000000E+00,0.000000E+00,0.000000E+00,0.000000E+00,0.000000E+00,0.000000E+00,0.000000E+00,2.219897E+01,2.231807E+01,2.136905E+01,5.795606E+01,1.619462E+03,0.000000E+00,5.754558E-02,0.000000E+00,0.000000E+00,0.000000E+00,0.000000E+00,0.000000E+00,0.000000E+00,0.000000E+00,0.000000E+00,0.000000E+00,2.219902E+01,2.226968E+01,2.136689E+01,5.854920E+01,3.739331E+03,0.000000E+00,1.328722E-01,0.000000E+00,0.000000E+00,0.000000E+00,0.000000E+00,0.000000E+00,0.000000E+00,0.000000E+00,0.000000E+00,0.000000E+00,2.219896E+01,2.228262E+01,2.132147E+01,5.879965E+01,1.619462E+03,0.000000E+00,5.754558E-02,0.000000E+00,0.000000E+00,0.000000E+00,0.000000E+00,0.000000E+00,0.000000E+00,0.000000E+00,0.000000E+00,0.000000E+00,2.219902E+01,2.226968E+01,2.137781E+01,5.579471E+01,2.954047E+03,0.000000E+00,1.049678E-01,0.000000E+00,0.000000E+00,0.000000E+00,0.000000E+00,0.000000E+00,0.000000E+00,0.000000E+00,0.000000E+00,0.000000E+00,2.219887E+01,2.062306E+01,2.143715E+01,6.121282E+01
04:45:00,3.847054E+03,0.000000E+00,1.367000E-01,0.000000E+00,0.000000E+00,0.000000E+00,0.000000E+00,0.000000E+00,0.000000E+00,0.000000E+00,0.000000E+00,0.000000E+00,2.219897E+01,2.231807E+01,2.133376E+01,5.808157E+01,1.619462E+03,0.000000E+00,5.754558E-02,0.000000E+00,0.000000E+00,0.000000E+00,0.000000E+00,0.000000E+00,0.000000E+00,0.000000E+00,0.000000E+00,0.000000E+00,2.219902E+01,2.226968E+01,2.133093E+01,5.867843E+01,3.739331E+03,0.000000E+00,1.328722E-01,0.000000E+00,0.000000E+00,0.000000E+00,0.000000E+00,0.000000E+00,0.000000E+00,0.000000E+00,0.000000E+00,0.000000E+00,2.219896E+01,2.228262E+01,2.128627E+01,5.892673E+01,1.619462E+03,0.000000E+00,5.754558E-02,0.000000E+00,0.000000E+00,0.000000E+00,0.000000E+00,0.000000E+00,0.000000E+00,0.000000E+00,0.000000E+00,0.000000E+00,2.219902E+01,2.226968E+01,2.134040E+01,5.592277E+01,2.954047E+03,0.000000E+00,1.049678E-01,0.000000E+00,0.000000E+00,0.000000E+00,0.000000E+00,0.000000E+00,0.000000E+00,0.000000E+00,0.000000E+00,0.000000E+00,2.219887E+01,2.062306E+01,2.140862E+01,6.131992E+01
05:00:00,3.847054E+03,0.000000E+00,1.367000E-01,0.000000E+00,0.000000E+00,0.000000E+00,0.000000E+00,0.000000E+00,0.000000E+00,0.000000E+00,0.000000E+00,0.000000E+00,2.219897E+01,2.231807E+01,2.130014E+01,5.820144E+01,1.619462E+03,0.000000E+00,5.754558E-02,0.000000E+00,0.000000E+00,0.000000E+00,0.000000E+00,0.000000E+00,0.000000E+00,0.000000E+00,0.000000E+00,0.000000E+00,2.219902E+01,2.226968E+01,2.129659E+01,5.880211E+01,3.739331E+03,0.000000E+00,1.328722E-01,0.000000E+00,0.000000E+00,0.000000E+00,0.000000E+00,0.000000E+00,0.000000E+00,0.000000E+00,0.000000E+00,0.000000E+00,2.219896E+01,2.228262E+01,2.125273E+01,5.904808E+01,1.619462E+03,0.000000E+00,5.754558E-02,0.000000E+00,0.000000E+00,0.000000E+00,0.000000E+00,0.000000E+00,0.000000E+00,0.000000E+00,0.000000E+00,0.000000E+00,2.219902E+01,2.226968E+01,2.130481E+01,5.604495E+01,2.954047E+03,0.000000E+00,1.049678E-01,0.000000E+00,0.000000E+00,0.000000E+00,0.000000E+00,0.000000E+00,0.000000E+00,0.000000E+00,0.000000E+00,0.000000E+00,2.219887E+01,2.062306E+01,2.138126E+01,6.142282E+01
05:15:00,3.847054E+03,0.000000E+00,1.367000E-01,0.000000E+00,0.000000E+00,0.000000E+00,0.000000E+00,0.000000E+00,0.000000E+00,0.000000E+00,0.000000E+00,0.000000E+00,2.219897E+01,2.231807E+01,2.127378E+01,5.829561E+01,1.619462E+03,0.000000E+00,5.754558E-02,0.000000E+00,0.000000E+00,0.000000E+00,0.000000E+00,0.000000E+00,0.000000E+00,0.000000E+00,0.000000E+00,0.000000E+00,2.219902E+01,2.226968E+01,2.131946E+01,5.871971E+01,3.739331E+03,0.000000E+00,1.328722E-01,0.000000E+00,0.000000E+00,0.000000E+00,0.000000E+00,0.000000E+00,0.000000E+00,0.000000E+00,0.000000E+00,0.000000E+00,2.219896E+01,2.228262E+01,2.130340E+01,5.886485E+01,1.619462E+03,0.000000E+00,5.754558E-02,0.000000E+00,0.000000E+00,0.000000E+00,0.000000E+00,0.000000E+00,0.000000E+00,0.000000E+00,0.000000E+00,0.000000E+00,2.219902E+01,2.226968E+01,2.127845E+01,5.613563E+01,2.954047E+03,0.000000E+00,1.049678E-01,0.000000E+00,0.000000E+00,0.000000E+00,0.000000E+00,0.000000E+00,0.000000E+00,0.000000E+00,0.000000E+00,0.000000E+00,2.219887E+01,2.062306E+01,2.135571E+01,6.151905E+01
05:30:00,3.847054E+03,0.000000E+00,1.367000E-01,0.000000E+00,0.000000E+00,0.000000E+00,0.000000E+00,0.000000E+00,0.000000E+00,0.000000E+00,0.000000E+00,0.000000E+00,2.219897E+01,2.231807E+01,2.128047E+01,5.827171E+01,1.619462E+03,0.000000E+00,5.754558E-02,0.000000E+00,0.000000E+00,0.000000E+00,0.000000E+00,0.000000E+00,0.000000E+00,0.000000E+00,0.000000E+00,0.000000E+00,2.219902E+01,2.226968E+01,2.165809E+01,5.751457E+01,3.739331E+03,0.000000E+00,1.328722E-01,0.000000E+00,0.000000E+00,0.000000E+00,0.000000E+00,0.000000E+00,0.000000E+00,0.000000E+00,0.000000E+00,0.000000E+00,2.219896E+01,2.228262E+01,2.176349E+01,5.723005E+01,1.619462E+03,0.000000E+00,5.754558E-02,0.000000E+00,0.000000E+00,0.000000E+00,0.000000E+00,0.000000E+00,0.000000E+00,0.000000E+00,0.000000E+00,0.000000E+00,2.219902E+01,2.226968E+01,2.129406E+01,5.608193E+01,2.954047E+03,0.000000E+00,1.049678E-01,0.000000E+00,0.000000E+00,0.000000E+00,0.000000E+00,0.000000E+00,0.000000E+00,0.000000E+00,0.000000E+00,0.000000E+00,2.219887E+01,2.062306E+01,2.133136E+01,6.161098E+01
05:45:00,3.847054E+03,0.000000E+00,1.367000E-01,0.000000E+00,0.000000E+00,0.000000E+00,0.000000E+00,0.000000E+00,0.000000E+00,0.000000E+00,0.000000E+00,0.000000E+00,2.219897E+01,2.231807E+01,2.132770E+01,5.810317E+01,1.619462E+03,0.000000E+00,5.754558E-02,0.000000E+00,0.000000E+00,0.000000E+00,0.000000E+00,0.000000E+00,0.000000E+00,0.000000E+00,0.000000E+00,0.000000E+00,2.219902E+01,2.226968E+01,2.217621E+01,5.572418E+01,3.739331E+03,0.000000E+00,1.328722E-01,0.000000E+00,0.000000E+00,0.000000E+00,0.000000E+00,0.000000E+00,0.000000E+00,0.000000E+00,0.000000E+00,0.000000E+00,2.219896E+01,2.228262E+01,2.237782E+01,5.512629E+01,1.619462E+03,0.000000E+00,5.754558E-02,0.000000E+00,0.000000E+00,0.000000E+00,0.000000E+00,0.000000E+00,0.000000E+00,0.000000E+00,0.000000E+00,0.000000E+00,2.219902E+01,2.226968E+01,2.135784E+01,5.586303E+01,2.954047E+03,0.000000E+00,1.049678E-01,0.000000E+00,0.000000E+00,0.000000E+00,0.000000E+00,0.000000E+00,0.000000E+00,0.000000E+00,0.000000E+00,0.000000E+00,2.219887E+01,2.062306E+01,2.132873E+01,6.162092E+01
06:00:00,3.847054E+03,0.000000E+00,1.367000E-01,0.000000E+00,0.000000E+00,0.000000E+00,0.000000E+00,0.000000E+00,0.000000E+00,0.000000E+00,0.000000E+00,0.000000E+00,2.219897E+01,2.231807E+01,2.139631E+01,5.785932E+01,1.619462E+03,0.000000E+00,5.754558E-02,0.000000E+00,0.000000E+00,0.000000E+00,0.000000E+00,0.000000E+00,0.000000E+00,0.000000E+00,0.000000E+00,0.000000E+00,2.219902E+01,2.226968E+01,2.277319E+01,5.373864E+01,3.739331E+03,0.000000E+00,1.328722E-01,0.000000E+00,0.000000E+00,0.000000E+00,0.000000E+00,0.000000E+00,0.000000E+00,0.000000E+00,0.000000E+00,0.000000E+00,2.219896E+01,2.228262E+01,2.302587E+01,5.300093E+01,1.619462E+03,0.000000E+00,5.754558E-02,0.000000E+00,0.000000E+00,0.000000E+00,0.000000E+00,0.000000E+00,0.000000E+00,0.000000E+00,0.000000E+00,0.000000E+00,2.219902E+01,2.226968E+01,2.144701E+01,5.555862E+01,2.954047E+03,0.000000E+00,1.049678E-01,0.000000E+00,0.000000E+00,0.000000E+00,0.000000E+00,0.000000E+00,0.000000E+00,0.000000E+00,0.000000E+00,0.000000E+00,2.219887E+01,2.062306E+01,2.134423E+01,6.156238E+01
06:15:00,3.847054E+03,0.000000E+00,1.367000E-01,0.000000E+00,0.000000E+00,0.000000E+00,0.000000E+00,0.000000E+00,0.000000E+00,0.000000E+00,0.000000E+00,0.000000E+00,2.219897E+01,2.231807E+01,2.147996E+01,5.756358E+01,1.619462E+03,0.000000E+00,5.754558E-02,0.000000E+00,0.000000E+00,0.000000E+00,0.000000E+00,0.000000E+00,0.000000E+00,0.000000E+00,0.000000E+00,0.000000E+00,2.219902E+01,2.226968E+01,2.340541E+01,5.172231E+01,3.739331E+03,2.634744E+01,1.328722E-01,2.605618E-03,0.000000E+00,0.000000E+00,0.000000E+00,0.000000E+00,0.000000E+00,0.000000E+00,0.000000E+00,0.000000E+00,2.219896E+01,2.228262E+01,2.363271E+01,5.109396E+01,1.619462E+03,0.000000E+00,5.754558E-02,0.000000E+00,0.000000E+00,0.000000E+00,0.000000E+00,0.000000E+00,0.000000E+00,0.000000E+00,0.000000E+00,0.000000E+00,2.219902E+01,2.226968E+01,2.155338E+01,5.519792E+01,2.954047E+03,0.000000E+00,1.049678E-01,0.000000E+00,0.000000E+00,0.000000E+00,0.000000E+00,0.000000E+00,0.000000E+00,0.000000E+00,0.000000E+00,0.000000E+00,2.219887E+01,2.062306E+01,2.137713E+01,6.143836E+01
06:30:00,3.847054E+03,0.000000E+00,1.367000E-01,0.000000E+00,0.000000E+00,0.000000E+00,0.000000E+00,0.000000E+00,0.000000E+00,0.000000E+00,0.000000E+00,0.000000E+00,2.219897E+01,2.231807E+01,2.154594E+01,5.733152E+01,1.619462E+03,6.206273E+01,5.754558E-02,6.164534E-03,0.000000E+00,0.000000E+00,0.000000E+00,0.000000E+00,0.000000E+00,0.000000E+00,0.000000E+00,0.000000E+00,2.219902E+01,2.226968E+01,2.385513E+01,5.033991E+01,3.739331E+03,1.631434E+02,1.328722E-01,1.613179E-02,0.000000E+00,0.000000E+00,0.000000E+00,0.000000E+00,0.000000E+00,0.000000E+00,0.000000E+00,0.000000E+00,2.219896E+01,2.228262E+01,2.389988E+01,5.023020E+01,1.619462E+03,0.000000E+00,5.754558E-02,0.000000E+00,0.000000E+00,0.000000E+00,0.000000E+00,0.000000E+00,0.000000E+00,0.000000E+00,0.000000E+00,0.000000E+00,2.219902E+01,2.226968E+01,2.163444E+01,5.492482E+01,2.954047E+03,0.000000E+00,1.049678E-01,0.000000E+00,0.000000E+00,0.000000E+00,0.000000E+00,0.000000E+00,0.000000E+00,0.000000E+00,0.000000E+00,0.000000E+00,2.219887E+01,2.062306E+01,2.140888E+01,6.131891E+01
06:45:00,3.847054E+03,0.000000E+00,1.367000E-01,0.000000E+00,0.000000E+00,0.000000E+00,0.000000E+00,0.000000E+00,0.000000E+00,0.000000E+00,0.000000E+00,0.000000E+00,2.219897E+01,2.231807E+01,2.162154E+01,5.706690E+01,1.619462E+03,1.657868E+02,5.754558E-02,1.642283E-02,0.000000E+00,0.000000E+00,0.000000E+00,0.000000E+00,0.000000E+00,0.000000E+00,0.000000E+00,0.000000E+00,2.219902E+01,2.226968E+01,2.389774E+01,4.997120E+01,3.739331E+03,3.230620E+02,1.328722E-01,3.194474E-02,0.000000E+00,0.000000E+00,0.000000E+00,0.000000E+00,0.000000E+00,0.000000E+00,0.000000E+00,0.000000E+00,2.219896E+01,2.228262E+01,2.389961E+01,5.002048E+01,1.619462E+03,0.000000E+00,5.754558E-02,0.000000E+00,0.000000E+00,0.000000E+00,0.000000E+00,0.000000E+00,0.000000E+00,0.000000E+00,0.000000E+00,0.000000E+00,2.219902E+01,2.226968E+01,2.172687E+01,5.461526E+01,2.954047E+03,0.000000E+00,1.049678E-01,0.000000E+00,0.000000E+00,0.000000E+00,0.000000E+00,0.000000E+00,0.000000E+00,0.000000E+00,0.000000E+00,0.000000E+00,2.219887E+01,2.062306E+01,2.144789E+01,6.117254E+01
07:00:00,3.847054E+03,0.000000E+00,1.367000E-01,0.000000E+00,0.000000E+00,0.000000E+00,0.000000E+00,0.000000E+00,0.000000E+00,0.000000E+00,0.000000E+00,0.000000E+00,2.219897E+01,2.231807E+01,2.173205E+01,5.668256E+01,1.619462E+03,3.034970E+02,5.754558E-02,3.004021E-02,0.000000E+00,0.000000E+00,0.000000E+00,0.000000E+00,0.000000E+00,0.000000E+00,0.000000E+00,0.000000E+00,2.219902E+01,2.226968E+01,2.389930E+01,4.949495E+01,3.739331E+03,5.237848E+02,1.328722E-01,5.179253E-02,0.000000E+00,0.000000E+00,0.000000E+00,0.000000E+00,0.000000E+00,0.000000E+00,0.000000E+00,0.000000E+00,2.219896E+01,2.228262E+01,2.389956E+01,4.964008E+01,1.619462E+03,0.000000E+00,5.754558E-02,0.000000E+00,0.000000E+00,0.000000E+00,0.000000E+00,0.000000E+00,0.000000E+00,0.000000E+00,0.000000E+00,0.000000E+00,2.219902E+01,2.226968E+01,2.185684E+01,5.418330E+01,2.954047E+03,0.000000E+00,1.049678E-01,0.000000E+00,0.000000E+00,0.000000E+00,0.000000E+00,0.000000E+00,0.000000E+00,0.000000E+00,0.000000E+00,0.000000E+00,2.219887E+01,2.062306E+01,2.150842E+01,6.094620E+01
07:15:00,3.847054E+03,0.000000E+00,1.367000E-01,0.000000E+00,0.000000E+00,0.000000E+00,0.000000E+00,0.000000E+00,0.000000E+00,0.000000E+00,0.000000E+00,0.000000E+00,2.219897E+01,2.231807E+01,2.184872E+01,5.627996E+01,1.619462E+03,4.772302E+02,5.754558E-02,4.721957E-02,0.000000E+00,0.000000E+00,0.000000E+00,0.000000E+00,0.000000E+00,0.000000E+00,0.000000E+00,0.000000E+00,2.219902E+01,2.226968E+01,2.389937E+01,4.894018E+01,3.739331E+03,7.236872E+02,1.328722E-01,7.155892E-02,0.000000E+00,0.000000E+00,0.000000E+00,0.000000E+00,0.000000E+00,0.000000E+00,0.000000E+00,0.000000E+00,2.219896E+01,2.228262E+01,2.389954E+01,4.921539E+01,1.619462E+03,0.000000E+00,5.754558E-02,0.000000E+00,0.000000E+00,0.000000E+00,0.000000E+00,0.000000E+00,0.000000E+00,0.000000E+00,0.000000E+00,0.000000E+00,2.219902E+01,2.226968E+01,2.198954E+01,5.374626E+01,2.954047E+03,0.000000E+00,1.049678E-01,0.000000E+00,0.000000E+00,0.000000E+00,0.000000E+00,0.000000E+00,0.000000E+00,0.000000E+00,0.000000E+00,0.000000E+00,2.219887E+01,2.062306E+01,2.157235E+01,6.070815E+01
07:30:00,3.847054E+03,0.000000E+00,1.367000E-01,0.000000E+00,0.000000E+00,0.000000E+00,0.000000E+00,0.000000E+00,0.000000E+00,0.000000E+00,0.000000E+00,0.000000E+00,2.219897E+01,2.231807E+01,2.197818E+01,5.583698E+01,1.619462E+03,6.372965E+02,5.754558E-02,6.301980E-02,0.000000E+00,0.000000E+00,0.000000E+00,0.000000E+00,0.000000E+00,0.000000E+00,0.000000E+00,0.000000E+00,2.219902E+01,2.226968E+01,2.389943E+01,4.843949E+01,3.739331E+03,8.257925E+02,1.328722E-01,8.165564E-02,0.000000E+00,0.000000E+00,0.000000E+00,0.000000E+00,0.000000E+00,0.000000E+00,0.000000E+00,0.000000E+00,2.219896E+01,2.228262E+01,2.389959E+01,4.882159E+01,1.619462E+03,0.000000E+00,5.754558E-02,0.000000E+00,0.000000E+00,0.000000E+00,0.000000E+00,0.000000E+00,0.000000E+00,0.000000E+00,0.000000E+00,0.000000E+00,2.219902E+01,2.226968E+01,2.212939E+01,5.328991E+01,2.954047E+03,0.000000E+00,1.049678E-01,0.000000E+00,0.000000E+00,0.000000E+00,0.000000E+00,0.000000E+00,0.000000E+00,0.000000E+00,0.000000E+00,0.000000E+00,2.219887E+01,2.062306E+01,2.163625E+01,6.047127E+01
07:45:00,3.847054E+03,0.000000E+00,1.367000E-01,0.000000E+00,0.000000E+00,0.000000E+00,0.000000E+00,0.000000E+00,0.000000E+00,0.000000E+00,0.000000E+00,0.000000E+00,2.219897E+01,2.231807E+01,2.211839E+01,5.536168E+01,1.619462E+03,7.871137E+02,5.754558E-02,7.783194E-02,0.000000E+00,0.000000E+00,0.000000E+00,0.000000E+00,0.000000E+00,0.000000E+00,0.000000E+00,0.000000E+00,2.219902E+01,2.226968E+01,2.389962E+01,4.806083E+01,3.739331E+03,9.076003E+02,1.328722E-01,8.974474E-02,0.000000E+00,0.000000E+00,0.000000E+00,0.000000E+00,0.000000E+00,0.000000E+00,0.000000E+00,0.000000E+00,2.219896E+01,2.228262E+01,2.389967E+01,4.849930E+01,1.619462E+03,0.000000E+00,5.754558E-02,0.000000E+00,0.000000E+00,0.000000E+00,0.000000E+00,0.000000E+00,0.000000E+00,0.000000E+00,0.000000E+00,0.000000E+00,2.219902E+01,2.226968E+01,2.227414E+01,5.282221E+01,2.954047E+03,0.000000E+00,1.049678E-01,0.000000E+00,0.000000E+00,0.000000E+00,0.000000E+00,0.000000E+00,0.000000E+00,0.000000E+00,0.000000E+00,0.000000E+00,2.219887E+01,2.062306E+01,2.169802E+01,6.024329E+01
08:00:00,3.847054E+03,0.000000E+00,1.367000E-01,0.000000E+00,0.000000E+00,0.000000E+00,0.000000E+00,0.000000E+00,0.000000E+00,0.000000E+00,0.000000E+00,0.000000E+00,2.219897E+01,2.231807E+01,2.227081E+01,5.485012E+01,1.619462E+03,9.305233E+02,5.754558E-02,9.201159E-02,0.000000E+00,0.000000E+00,0.000000E+00,0.000000E+00,0.000000E+00,0.000000E+00,0.000000E+00,0.000000E+00,2.219902E+01,2.226968E+01,2.389976E+01,4.782543E+01,3.739331E+03,9.440775E+02,1.328722E-01,9.335123E-02,0.000000E+00,0.000000E+00,0.000000E+00,0.000000E+00,0.000000E+00,0.000000E+00,0.000000E+00,0.000000E+00,2.219896E+01,2.228262E+01,2.389975E+01,4.825668E+01,1.619462E+03,0.000000E+00,5.754558E-02,0.000000E+00,0.000000E+00,0.000000E+00,0.000000E+00,0.000000E+00,0.000000E+00,0.000000E+00,0.000000E+00,0.000000E+00,2.219902E+01,2.226968E+01,2.242931E+01,5.232595E+01,2.954047E+03,0.000000E+00,1.049678E-01,0.000000E+00,0.000000E+00,0.000000E+00,0.000000E+00,0.000000E+00,0.000000E+00,0.000000E+00,0.000000E+00,0.000000E+00,2.219887E+01,2.062306E+01,2.175685E+01,6.002702E+01
08:15:00,3.847054E+03,7.583485E+01,1.367000E-01,7.526036E-03,0.000000E+00,0.000000E+00,0.000000E+00,0.000000E+00,0.000000E+00,0.000000E+00,0.000000E+00,0.000000E+00,2.219897E+01,2.231807E+01,2.331104E+01,5.245156E+01,1.619462E+03,1.212216E+03,5.754558E-02,1.198645E-01,0.000000E+00,0.000000E+00,0.000000E+00,0.000000E+00,0.000000E+00,0.000000E+00,0.000000E+00,0.000000E+00,2.219902E+01,2.226968E+01,2.389977E+01,4.851106E+01,3.739331E+03,1.276742E+03,1.328722E-01,1.262444E-01,0.000000E+00,0.000000E+00,0.000000E+00,0.000000E+00,0.000000E+00,0.000000E+00,0.000000E+00,0.000000E+00,2.219896E+01,2.228262E+01,2.389978E+01,4.890800E+01,1.619462E+03,3.860412E+01,5.754558E-02,3.853055E-03,0.000000E+00,0.000000E+00,0.000000E+00,0.000000E+00,0.000000E+00,0.000000E+00,0.000000E+00,0.000000E+00,2.219902E+01,2.226968E+01,2.340299E+01,5.035423E+01,2.954047E+03,7.409643E+01,1.049678E-01,7.379053E-03,0.000000E+00,0.000000E+00,0.000000E+00,0.000000E+00,0.000000E+00,0.000000E+00,0.000000E+00,0.000000E+00,2.219887E+01,2.062306E+01,2.282493E+01,5.717810E+01
08:30:00,3.847054E+03,3.111495E+02,1.367000E-01,3.099925E-02,0.000000E+00,0.000000E+00,0.000000E+00,0.000000E+00,0.000000E+00,0.000000E+00,0.000000E+00,0.000000E+00,2.219897E+01,2.231807E+01,2.379853E+01,5.207107E+01,1.619462E+03,1.478876E+03,5.754558E-02,1.462330E-01,0.000000E+00,0.000000E+00,0.000000E+00,0.000000E+00,0.000000E+00,0.000000E+00,0.000000E+00,0.000000E+00,2.219902E+01,2.226968E+01,2.389937E+01,4.926497E+01,3.739331E+03,1.608598E+03,1.328722E-01,1.590594E-01,0.000000E+00,0.000000E+00,0.000000E+00,0.000000E+00,0.000000E+00,0.000000E+00,0.000000E+00,0.000000E+00,2.219896E+01,2.228262E+01,2.389948E+01,4.985614E+01,1.619462E+03,1.382397E+02,5.754558E-02,1.377901E-02,0.000000E+00,0.000000E+00,0.000000E+00,0.000000E+00,0.000000E+00,0.000000E+00,0.000000E+00,0.000000E+00,2.219902E+01,2.226968E+01,2.381909E+01,5.045794E+01,2.954047E+03,3.002783E+02,1.049678E-01,2.984762E-02,0.000000E+00,0.000000E+00,0.000000E+00,0.000000E+00,0.000000E+00,0.000000E+00,0.000000E+00,0.000000E+00,2.219887E+01,2.062306E+01,2.365735E+01,5.559404E+01
08:45:00,3.847054E+03,5.850166E+02,1.367000E-01,5.808004E-02,0.000000E+00,0.000000E+00,0.000000E+00,0.000000E+00,0.000000E+00,0.000000E+00,0.000000E+00,0.000000E+00,2.219897E+01,2.231807E+01,2.389943E+01,5.304966E+01,1.619462E+03,1.739536E+03,5.754558E-02,1.720110E-01,0.000000E+00,0.000000E+00,0.000000E+00,0.000000E+00,0.000000E+00,0.000000E+00,0.000000E+00,0.000000E+00,2.219902E+01,2.226968E+01,2.389890E+01,4.983526E+01,3.739331E+03,1.939305E+03,1.328722E-01,1.917632E-01,0.000000E+00,0.000000E+00,0.000000E+00,0.000000E+00,0.000000E+00,0.000000E+00,0.000000E+00,0.000000E+00,2.219896E+01,2.228262E+01,2.389909E+01,5.083122E+01,1.619462E+03,2.649110E+02,5.754558E-02,2.630447E-02,0.000000E+00,0.000000E+00,0.000000E+00,0.000000E+00,0.000000E+00,0.000000E+00,0.000000E+00,0.000000E+00,2.219902E+01,2.226968E+01,2.389956E+01,5.190253E+01,2.954047E+03,6.820617E+02,1.049678E-01,6.759956E-02,0.000000E+00,0.000000E+00,0.000000E+00,0.000000E+00,0.000000E+00,0.000000E+00,0.000000E+00,0.000000E+00,2.219887E+01,2.062306E+01,2.389941E+01,5.608874E+01
09:00:00,3.847054E+03,9.003617E+02,1.367000E-01,8.926553E-02,0.000000E+00,0.000000E+00,0.000000E+00,0.000000E+00,0.000000E+00,0.000000E+00,0.000000E+00,0.000000E+00,2.219897E+01,2.231807E+01,2.389840E+01,5.371649E+01,1.619462E+03,1.990701E+03,5.754558E-02,1.968555E-01,0.000000E+00,0.000000E+00,0.000000E+00,0.000000E+00,0.000000E+00,0.000000E+00,0.000000E+00,0.000000E+00,2.219902E+01,2.226968E+01,2.389801E+01,4.990778E+01,3.739331E+03,2.268966E+03,1.328722E-01,2.243694E-01,0.000000E+00,0.000000E+00,0.000000E+00,0.000000E+00,0.000000E+00,0.000000E+00,0.000000E+00,0.000000E+00,2.219896E+01,2.228262E+01,2.389809E+01,5.124042E+01,1.619462E+03,4.124071E+02,5.754558E-02,4.089031E-02,0.000000E+00,0.000000E+00,0.000000E+00,0.000000E+00,0.000000E+00,0.000000E+00,0.000000E+00,0.000000E+00,2.219902E+01,2.226968E+01,2.389875E+01,5.276110E+01,2.954047E+03,1.053300E+03,1.049678E-01,1.043132E-01,0.000000E+00,0.000000E+00,0.000000E+00,0.000000E+00,0.000000E+00,0.000000E+00,0.000000E+00,0.000000E+00,2.219887E+01,2.062306E+01,2.389822E+01,5.669715E+01
09:15:00,3.847054E+03,1.287937E+03,1.367000E-01,1.275701E-01,0.000000E+00,0.000000E+00,0.000000E+00,0.000000E+00,0.000000E+00,0.000000E+00,0.000000E+00,0.000000E+00,2.219897E+01,2.231807E+01,2.389787E+01,5.465903E+01,1.619462E+03,2.121648E+03,5.754558E-02,2.098156E-01,0.000000E+00,0.000000E+00,0.000000E+00,0.000000E+00,0.000000E+00,0.000000E+00,0.000000E+00,0.000000E+00,2.219902E+01,2.226968E+01,2.389770E+01,4.996498E+01,3.739331E+03,2.373409E+03,1.328722E-01,2.347102E-01,0.000000E+00,0.000000E+00,0.000000E+00,0.000000E+00,0.000000E+00,0.000000E+00,0.000000E+00,0.000000E+00,2.219896E+01,2.228262E+01,2.389773E+01,5.183996E+01,1.619462E+03,5.864265E+02,5.754558E-02,5.806469E-02,0.000000E+00,0.000000E+00,0.000000E+00,0.000000E+00,0.000000E+00,0.000000E+00,0.000000E+00,0.000000E+00,2.219902E+01,2.226968E+01,2.389821E+01,5.402408E+01,2.954047E+03,1.618496E+03,1.049678E-01,1.601579E-01,0.000000E+00,0.000000E+00,0.000000E+00,0.000000E+00,0.000000E+00,0.000000E+00,0.000000E+00,0.000000E+00,2.219887E+01,2.062306E+01,2.389807E+01,5.766293E+01
09:30:00,3.847054E+03,1.547027E+03,1.367000E-01,1.529995E-01,0.000000E+00,0.000000E+00,0.000000E+00,0.000000E+00,0.000000E+00,0.000000E+00,0.000000E+00,0.000000E+00,2.219897E+01,2.231807E+01,2.389651E+01,5.463913E+01,1.619462E+03,2.225959E+03,5.754558E-02,2.201419E-01,0.000000E+00,0.000000E+00,0.000000E+00,0.000000E+00,0.000000E+00,0.000000E+00,0.000000E+00,0.000000E+00,2.219902E+01,2.226968E+01,2.389739E+01,4.983684E+01,3.739331E+03,2.460217E+03,1.328722E-01,2.433104E-01,0.000000E+00,0.000000E+00,0.000000E+00,0.000000E+00,0.000000E+00,0.000000E+00,0.000000E+00,0.000000E+00,2.219896E+01,2.228262E+01,2.389698E+01,5.194979E+01,1.619462E+03,7.144005E+02,5.754558E-02,7.065122E-02,0.000000E+00,0.000000E+00,0.000000E+00,0.000000E+00,0.000000E+00,0.000000E+00,0.000000E+00,0.000000E+00,2.219902E+01,2.226968E+01,2.389689E+01,5.423296E+01,2.954047E+03,2.050067E+03,1.049678E-01,2.027493E-01,0.000000E+00,0.000000E+00,0.000000E+00,0.000000E+00,0.000000E+00,0.000000E+00,0.000000E+00,0.000000E+00,2.219887E+01,2.062306E+01,2.389648E+01,5.752578E+01
09:45:00,3.847054E+03,1.794813E+03,1.367000E-01,1.775185E-01,0.000000E+00,0.000000E+00,0.000000E+00,0.000000E+00,0.000000E+00,0.000000E+00,0.000000E+00,0.000000E+00,2.219897E+01,2.231807E+01,2.389613E+01,5.410269E+01,1.619462E+03,2.306139E+03,5.754558E-02,2.280797E-01,0.000000E+00,0.000000E+00,0.000000E+00,0.000000E+00,0.000000E+00,0.000000E+00,0.000000E+00,0.000000E+00,2.219902E+01,2.226968E+01,2.389741E+01,4.972379E+01,3.739331E+03,2.540624E+03,1.328722E-01,2.512765E-01,0.000000E+00,0.000000E+00,0.000000E+00,0.000000E+00,0.000000E+00,0.000000E+00,0.000000E+00,0.000000E+00,2.219896E+01,2.228262E+01,2.389680E+01,5.185737E+01,1.619462E+03,8.279940E+02,5.754558E-02,8.189109E-02,0.000000E+00,0.000000E+00,0.000000E+00,0.000000E+00,0.000000E+00,0.000000E+00,0.000000E+00,0.000000E+00,2.219902E+01,2.226968E+01,2.389642E+01,5.383517E+01,2.954047E+03,2.346365E+03,1.049678E-01,2.320760E-01,0.000000E+00,0.000000E+00,0.000000E+00,0.000000E+00,0.000000E+00,0.000000E+00,0.000000E+00,0.000000E+00,2.219887E+01,2.062306E+01,2.389530E+01,5.683256E+01
10:00:00,3.847054E+03,2.022879E+03,1.367000E-01,2.000849E-01,0.000000E+00,0.000000E+00,0.000000E+00,0.000000E+00,0.000000E+00,0.000000E+00,0.000000E+00,0.000000E+00,2.219897E+01,2.231807E+01,2.389616E+01,5.350848E+01,1.619462E+03,2.364470E+03,5.754558E-02,2.338514E-01,0.000000E+00,0.000000E+00,0.000000E+00,0.000000E+00,0.000000E+00,0.000000E+00,0.000000E+00,0.000000E+00,2.219902E+01,2.226968E+01,2.389750E+01,4.968631E+01,3.739331E+03,2.626559E+03,1.328722E-01,2.597833E-01,0.000000E+00,0.000000E+00,0.000000E+00,0.000000E+00,0.000000E+00,0.000000E+00,0.000000E+00,0.000000E+00,2.219896E+01,2.228262E+01,2.389684E+01,5.177713E+01,1.619462E+03,9.306547E+02,5.754558E-02,9.204911E-02,0.000000E+00,0.000000E+00,0.000000E+00,0.000000E+00,0.000000E+00,0.000000E+00,0.000000E+00,0.000000E+00,2.219902E+01,2.226968E+01,2.389638E+01,5.331862E+01,2.954047E+03,2.669827E+03,1.049678E-01,2.640848E-01,0.000000E+00,0.000000E+00,0.000000E+00,0.000000E+00,0.000000E+00,0.000000E+00,0.000000E+00,0.000000E+00,2.219887E+01,2.062306E+01,2.389533E+01,5.610061E+01
10:15:00,3.847054E+03,2.130181E+03,1.367000E-01,2.107025E-01,0.000000E+00,0.000000E+00,0.000000E+00,0.000000E+00,0.000000E+00,0.000000E+00,0.000000E+00,0.000000E+00,2.219897E+01,2.231807E+01,2.389690E+01,5.295328E+01,1.619462E+03,2.363223E+03,5.754558E-02,2.337272E-01,0.000000E+00,0.000000E+00,0.000000E+00,0.000000E+00,0.000000E+00,0.000000E+00,0.000000E+00,0.000000E+00,2.219902E+01,2.226968E+01,2.389783E+01,4.970226E+01,3.739331E+03,2.624920E+03,1.328722E-01,2.596239E-01,0.000000E+00,0.000000E+00,0.000000E+00,0.000000E+00,0.000000E+00,0.000000E+00,0.000000E+00,0.000000E+00,2.219896E+01,2.228262E+01,2.389732E+01,5.174613E+01,1.619462E+03,9.802294E+02,5.754558E-02,9.695494E-02,0.000000E+00,0.000000E+00,0.000000E+00,0.000000E+00,0.000000E+00,0.000000E+00,0.000000E+00,0.000000E+00,2.219902E+01,2.226968E+01,2.389701E+01,5.281966E+01,2.954047E+03,2.751135E+03,1.049678E-01,2.721383E-01,0.000000E+00,0.000000E+00,0.000000E+00,0.000000E+00,0.000000E+00,0.000000E+00,0.000000E+00,0.000000E+00,2.219887E+01,2.062306E+01,2.389635E+01,5.541757E+01
10:30:00,3.847054E+03,2.226401E+03,1.367000E-01,2.202130E-01,0.000000E+00,0.000000E+00,0.000000E+00,0.000000E+00,0.000000E+00,0.000000E+00,0.000000E+00,0.000000E+00,2.219897E+01,2.231807E+01,2.389764E+01,5.266784E+01,1.619462E+03,2.343428E+03,5.754558E-02,2.317650E-01,0.000000E+00,0.000000E+00,0.000000E+00,0.000000E+00,0.000000E+00,0.000000E+00,0.000000E+00,0.000000E+00,2.219902E+01,2.226968E+01,2.389817E+01,4.972649E+01,3.739331E+03,2.634843E+03,1.328722E-01,2.605996E-01,0.000000E+00,0.000000E+00,0.000000E+00,0.000000E+00,0.000000E+00,0.000000E+00,0.000000E+00,0.000000E+00,2.219896E+01,2.228262E+01,2.389784E+01,5.172673E+01,1.619462E+03,1.023031E+03,5.754558E-02,1.011863E-01,0.000000E+00,0.000000E+00,0.000000E+00,0.000000E+00,0.000000E+00,0.000000E+00,0.000000E+00,0.000000E+00,2.219902E+01,2.226968E+01,2.389768E+01,5.256448E+01,2.954047E+03,2.828527E+03,1.049678E-01,2.797871E-01,0.000000E+00,0.000000E+00,0.000000E+00,0.000000E+00,0.000000E+00,0.000000E+00,0.000000E+00,0.000000E+00,2.219887E+01,2.062306E+01,2.389734E+01,5.506618E+01
10:45:00,3.847054E+03,2.313175E+03,1.367000E-01,2.287865E-01,0.000000E+00,0.000000E+00,0.000000E+00,0.000000E+00,0.000000E+00,0.000000E+00,0.000000E+00,0.000000E+00,2.219897E+01,2.231807E+01,2.389776E+01,5.242737E+01,1.619462E+03,2.306462E+03,5.754558E-02,2.281044E-01,0.000000E+00,0.000000E+00,0.000000E+00,0.000000E+00,0.000000E+00,0.000000E+00,0.000000E+00,0.000000E+00,2.219902E+01,2.226968E+01,2.389822E+01,4.976743E+01,3.739331E+03,2.653214E+03,1.328722E-01,2.624095E-01,0.000000E+00,0.000000E+00,0.000000E+00,0.000000E+00,0.000000E+00,0.000000E+00,0.000000E+00,0.000000E+00,2.219896E+01,2.228262E+01,2.389787E+01,5.170236E+01,1.619462E+03,1.061042E+03,5.754558E-02,1.049422E-01,0.000000E+00,0.000000E+00,0.000000E+00,0.000000E+00,0.000000E+00,0.000000E+00,0.000000E+00,0.000000E+00,2.219902E+01,2.226968E+01,2.389779E+01,5.235182E+01,2.954047E+03,2.897960E+03,1.049678E-01,2.866395E-01,0.000000E+00,0.000000E+00,0.000000E+00,0.000000E+00,0.000000E+00,0.000000E+00,0.000000E+00,0.000000E+00,2.219887E+01,2.062306E+01,2.389747E+01,5.477000E+01
11:00:00,3.847054E+03,2.394487E+03,1.367000E-01,2.368192E-01,0.000000E+00,0.000000E+00,0.000000E+00,0.000000E+00,0.000000E+00,0.000000E+00,0.000000E+00,0.000000E+00,2.219897E+01,2.231807E+01,2.389780E+01,5.224056E+01,1.619462E+03,2.253912E+03,5.754558E-02,2.229032E-01,0.000000E+00,0.000000E+00,0.000000E+00,0.000000E+00,0.000000E+00,0.000000E+00,0.000000E+00,0.000000E+00,2.219902E+01,2.226968E+01,2.389823E+01,4.982451E+01,3.739331E+03,2.677337E+03,1.328722E-01,2.647885E-01,0.000000E+00,0.000000E+00,0.000000E+00,0.000000E+00,0.000000E+00,0.000000E+00,0.000000E+00,0.000000E+00,2.219896E+01,2.228262E+01,2.389788E+01,5.167618E+01,1.619462E+03,1.096044E+03,5.754558E-02,1.084003E-01,0.000000E+00,0.000000E+00,0.000000E+00,0.000000E+00,0.000000E+00,0.000000E+00,0.000000E+00,0.000000E+00,2.219902E+01,2.226968E+01,2.389782E+01,5.218510E+01,2.954047E+03,2.961732E+03,1.049678E-01,2.929314E-01,0.000000E+00,0.000000E+00,0.000000E+00,0.000000E+00,0.000000E+00,0.000000E+00,0.000000E+00,0.000000E+00,2.219887E+01,2.062306E+01,2.389752E+01,5.454635E+01
11:15:00,3.847054E+03,2.427022E+03,1.367000E-01,2.400312E-01,0.000000E+00,0.000000E+00,0.000000E+00,0.000000E+00,0.000000E+00,0.000000E+00,0.000000E+00,0.000000E+00,2.219897E+01,2.231807E+01,2.389791E+01,5.203254E+01,1.619462E+03,2.168071E+03,5.754558E-02,2.144113E-01,0.000000E+00,0.000000E+00,0.000000E+00,0.000000E+00,0.000000E+00,0.000000E+00,0.000000E+00,0.000000E+00,2.219902E+01,2.226968E+01,2.389832E+01,4.983794E+01,3.739331E+03,2.660708E+03,1.328722E-01,2.631397E-01,0.000000E+00,0.000000E+00,0.000000E+00,0.000000E+00,0.000000E+00,0.000000E+00,0.000000E+00,0.000000E+00,2.219896E+01,2.228262E+01,2.389797E+01,5.159034E+01,1.619462E+03,1.108851E+03,5.754558E-02,1.096645E-01,0.000000E+00,0.000000E+00,0.000000E+00,0.000000E+00,0.000000E+00,0.000000E+00,0.000000E+00,0.000000E+00,2.219902E+01,2.226968E+01,2.389793E+01,5.198965E+01,2.954047E+03,2.945856E+03,1.049678E-01,2.913518E-01,0.000000E+00,0.000000E+00,0.000000E+00,0.000000E+00,0.000000E+00,0.000000E+00,0.000000E+00,0.000000E+00,2.219887E+01,2.062306E+01,2.389767E+01,5.432462E+01
11:30:00,3.847054E+03,2.450365E+03,1.367000E-01,2.423372E-01,0.000000E+00,0.000000E+00,0.000000E+00,0.000000E+00,0.000000E+00,0.000000E+00,0.000000E+00,0.000000E+00,2.219897E+01,2.231807E+01,2.389807E+01,5.167540E+01,1.619462E+03,2.068269E+03,5.754558E-02,2.045398E-01,0.000000E+00,0.000000E+00,0.000000E+00,0.000000E+00,0.000000E+00,0.000000E+00,0.000000E+00,0.000000E+00,2.219902E+01,2.226968E+01,2.389847E+01,4.971619E+01,3.739331E+03,2.641396E+03,1.328722E-01,2.612279E-01,0.000000E+00,0.000000E+00,0.000000E+00,0.000000E+00,0.000000E+00,0.000000E+00,0.000000E+00,0.000000E+00,2.219896E+01,2.228262E+01,2.389812E+01,5.132799E+01,1.619462E+03,1.117846E+03,5.754558E-02,1.105530E-01,0.000000E+00,0.000000E+00,0.000000E+00,0.000000E+00,0.000000E+00,0.000000E+00,0.000000E+00,0.000000E+00,2.219902E+01,2.226968E+01,2.389809E+01,5.163677E+01,2.954047E+03,2.921901E+03,1.049678E-01,2.889789E-01,0.000000E+00,0.000000E+00,0.000000E+00,0.000000E+00,0.000000E+00,0.000000E+00,0.000000E+00,0.000000E+00,2.219887E+01,2.062306E+01,2.389785E+01,5.397404E+01
11:45:00,3.847054E+03,2.466302E+03,1.367000E-01,2.439107E-01,0.000000E+00,0.000000E+00,0.000000E+00,0.000000E+00,0.000000E+00,0.000000E+00,0.000000E+00,0.000000E+00,2.219897E+01,2.231807E+01,2.389819E+01,5.138381E+01,1.619462E+03,1.957952E+03,5.754558E-02,1.936284E-01,0.000000E+00,0.000000E+00,0.000000E+00,0.000000E+00,0.000000E+00,0.000000E+00,0.000000E+00,0.000000E+00,2.219902E+01,2.226968E+01,2.389859E+01,4.969943E+01,3.739331E+03,2.621951E+03,1.328722E-01,2.593025E-01,0.000000E+00,0.000000E+00,0.000000E+00,0.000000E+00,0.000000E+00,0.000000E+00,0.000000E+00,0.000000E+00,2.219896E+01,2.228262E+01,2.389823E+01,5.111538E+01,1.619462E+03,1.123326E+03,5.754558E-02,1.110938E-01,0.000000E+00,0.000000E+00,0.000000E+00,0.000000E+00,0.000000E+00,0.000000E+00,0.000000E+00,0.000000E+00,2.219902E+01,2.226968E+01,2.389821E+01,5.135396E+01,2.954047E+03,2.892170E+03,1.049678E-01,2.860350E-01,0.000000E+00,0.000000E+00,0.000000E+00,0.000000E+00,0.000000E+00,0.000000E+00,0.000000E+00,0.000000E+00,2.219887E+01,2.062306E+01,2.389795E+01,5.365334E+01
12:00:00,3.847054E+03,2.475859E+03,1.367000E-01,2.448530E-01,0.000000E+00,0.000000E+00,0.000000E+00,0.000000E+00,0.000000E+00,0.000000E+00,0.000000E+00,0.000000E+00,2.219897E+01,2.231807E+01,2.389824E+01,5.122218E+01,1.619462E+03,1.840949E+03,5.754558E-02,1.820557E-01,0.000000E+00,0.000000E+00,0.000000E+00,0.000000E+00,0.000000E+00,0.000000E+00,0.000000E+00,0.000000E+00,2.219902E+01,2.226968E+01,2.389862E+01,4.979354E+01,3.739331E+03,2.600954E+03,1.328722E-01,2.572234E-01,0.000000E+00,0.000000E+00,0.000000E+00,0.000000E+00,0.000000E+00,0.000000E+00,0.000000E+00,0.000000E+00,2.219896E+01,2.228262E+01,2.389827E+01,5.101750E+01,1.619462E+03,1.126131E+03,5.754558E-02,1.113699E-01,0.000000E+00,0.000000E+00,0.000000E+00,0.000000E+00,0.000000E+00,0.000000E+00,0.000000E+00,0.000000E+00,2.219902E+01,2.226968E+01,2.389826E+01,5.120413E+01,2.954047E+03,2.857938E+03,1.049678E-01,2.826459E-01,0.000000E+00,0.000000E+00,0.000000E+00,0.000000E+00,0.000000E+00,0.000000E+00,0.000000E+00,0.000000E+00,2.219887E+01,2.062306E+01,2.389801E+01,5.343808E+01
12:15:00,3.847054E+03,2.438822E+03,1.367000E-01,2.411881E-01,0.000000E+00,0.000000E+00,0.000000E+00,0.000000E+00,0.000000E+00,0.000000E+00,0.000000E+00,0.000000E+00,2.219897E+01,2.231807E+01,2.389825E+01,5.113199E+01,1.619462E+03,1.703008E+03,5.754558E-02,1.684131E-01,0.000000E+00,0.000000E+00,0.000000E+00,0.000000E+00,0.000000E+00,0.000000E+00,0.000000E+00,0.000000E+00,2.219902E+01,2.226968E+01,2.389863E+01,4.989469E+01,3.739331E+03,2.538636E+03,1.328722E-01,2.510585E-01,0.000000E+00,0.000000E+00,0.000000E+00,0.000000E+00,0.000000E+00,0.000000E+00,0.000000E+00,0.000000E+00,2.219896E+01,2.228262E+01,2.389828E+01,5.097141E+01,1.619462E+03,1.108052E+03,5.754558E-02,1.095810E-01,0.000000E+00,0.000000E+00,0.000000E+00,0.000000E+00,0.000000E+00,0.000000E+00,0.000000E+00,0.000000E+00,2.219902E+01,2.226968E+01,2.389827E+01,5.112257E+01,2.954047E+03,2.744947E+03,1.049678E-01,2.714689E-01,0.000000E+00,0.000000E+00,0.000000E+00,0.000000E+00,0.000000E+00,0.000000E+00,0.000000E+00,0.000000E+00,2.219887E+01,2.062306E+01,2.389802E+01,5.330356E+01
12:30:00,3.847054E+03,2.394961E+03,1.367000E-01,2.368518E-01,0.000000E+00,0.000000E+00,0.000000E+00,0.000000E+00,0.000000E+00,0.000000E+00,0.000000E+00,0.000000E+00,2.219897E+01,2.231807E+01,2.389783E+01,5.066666E+01,1.619462E+03,1.566215E+03,5.754558E-02,1.548854E-01,0.000000E+00,0.000000E+00,0.000000E+00,0.000000E+00,0.000000E+00,0.000000E+00,0.000000E+00,0.000000E+00,2.219902E+01,2.226968E+01,2.389842E+01,4.957830E+01,3.739331E+03,2.472210E+03,1.328722E-01,2.444906E-01,0.000000E+00,0.000000E+00,0.000000E+00,0.000000E+00,0.000000E+00,0.000000E+00,0.000000E+00,0.000000E+00,2.219896E+01,2.228262E+01,2.389786E+01,5.053510E+01,1.619462E+03,1.086634E+03,5.754558E-02,1.074634E-01,0.000000E+00,0.000000E+00,0.000000E+00,0.000000E+00,0.000000E+00,0.000000E+00,0.000000E+00,0.000000E+00,2.219902E+01,2.226968E+01,2.389788E+01,5.064635E+01,2.954047E+03,2.624446E+03,1.049678E-01,2.595533E-01,0.000000E+00,0.000000E+00,0.000000E+00,0.000000E+00,0.000000E+00,0.000000E+00,0.000000E+00,0.000000E+00,2.219887E+01,2.062306E+01,2.389755E+01,5.285291E+01
12:45:00,3.847054E+03,2.346344E+03,1.367000E-01,2.320449E-01,0.000000E+00,0.000000E+00,0.000000E+00,0.000000E+00,0.000000E+00,0.000000E+00,0.000000E+00,0.000000E+00,2.219897E+01,2.231807E+01,2.389800E+01,5.013091E+01,1.619462E+03,1.446666E+03,5.754558E-02,1.430628E-01,0.000000E+00,0.000000E+00,0.000000E+00,0.000000E+00,0.000000E+00,0.000000E+00,0.000000E+00,0.000000E+00,2.219902E+01,2.226968E+01,2.389865E+01,4.927046E+01,3.739331E+03,2.403400E+03,1.328722E-01,2.376868E-01,0.000000E+00,0.000000E+00,0.000000E+00,0.000000E+00,0.000000E+00,0.000000E+00,0.000000E+00,0.000000E+00,2.219896E+01,2.228262E+01,2.389804E+01,5.003434E+01,1.619462E+03,1.062696E+03,5.754558E-02,1.050964E-01,0.000000E+00,0.000000E+00,0.000000E+00,0.000000E+00,0.000000E+00,0.000000E+00,0.000000E+00,0.000000E+00,2.219902E+01,2.226968E+01,2.389807E+01,5.010565E+01,2.954047E+03,2.498714E+03,1.049678E-01,2.471203E-01,0.000000E+00,0.000000E+00,0.000000E+00,0.000000E+00,0.000000E+00,0.000000E+00,0.000000E+00,0.000000E+00,2.219887E+01,2.062306E+01,2.389768E+01,5.227789E+01
13:00:00,3.847054E+03,2.294079E+03,1.367000E-01,2.268759E-01,0.000000E+00,0.000000E+00,0.000000E+00,0.000000E+00,0.000000E+00,0.000000E+00,0.000000E+00,0.000000E+00,2.219897E+01,2.231807E+01,2.389831E+01,4.977040E+01,1.619462E+03,1.343960E+03,5.754558E-02,1.329059E-01,0.000000E+00,0.000000E+00,0.000000E+00,0.000000E+00,0.000000E+00,0.000000E+00,0.000000E+00,0.000000E+00,2.219902E+01,2.226968E+01,2.389868E+01,4.912736E+01,3.739331E+03,2.332754E+03,1.328722E-01,2.306999E-01,0.000000E+00,0.000000E+00,0.000000E+00,0.000000E+00,0.000000E+00,0.000000E+00,0.000000E+00,0.000000E+00,2.219896E+01,2.228262E+01,2.389834E+01,4.970486E+01,1.619462E+03,1.038885E+03,5.754558E-02,1.027413E-01,0.000000E+00,0.000000E+00,0.000000E+00,0.000000E+00,0.000000E+00,0.000000E+00,0.000000E+00,0.000000E+00,2.219902E+01,2.226968E+01,2.389838E+01,4.975222E+01,2.954047E+03,2.368970E+03,1.049678E-01,2.342895E-01,0.000000E+00,0.000000E+00,0.000000E+00,0.000000E+00,0.000000E+00,0.000000E+00,0.000000E+00,0.000000E+00,2.219887E+01,2.062306E+01,2.389791E+01,5.180764E+01
13:15:00,3.847054E+03,2.386529E+03,1.367000E-01,2.360168E-01,0.000000E+00,0.000000E+00,0.000000E+00,0.000000E+00,0.000000E+00,0.000000E+00,0.000000E+00,0.000000E+00,2.219897E+01,2.231807E+01,2.389854E+01,4.959356E+01,1.619462E+03,1.325698E+03,5.754558E-02,1.310994E-01,0.000000E+00,0.000000E+00,0.000000E+00,0.000000E+00,0.000000E+00,0.000000E+00,0.000000E+00,0.000000E+00,2.219902E+01,2.226968E+01,2.389881E+01,4.911874E+01,3.739331E+03,2.408526E+03,1.328722E-01,2.381914E-01,0.000000E+00,0.000000E+00,0.000000E+00,0.000000E+00,0.000000E+00,0.000000E+00,0.000000E+00,0.000000E+00,2.219896E+01,2.228262E+01,2.389857E+01,4.955347E+01,1.619462E+03,1.086499E+03,5.754558E-02,1.074490E-01,0.000000E+00,0.000000E+00,0.000000E+00,0.000000E+00,0.000000E+00,0.000000E+00,0.000000E+00,0.000000E+00,2.219902E+01,2.226968E+01,2.389859E+01,4.958391E+01,2.954047E+03,2.502314E+03,1.049678E-01,2.474762E-01,0.000000E+00,0.000000E+00,0.000000E+00,0.000000E+00,0.000000E+00,0.000000E+00,0.000000E+00,0.000000E+00,2.219887E+01,2.062306E+01,2.389812E+01,5.148843E+01
13:30:00,3.847054E+03,2.485571E+03,1.367000E-01,2.458072E-01,0.000000E+00,0.000000E+00,0.000000E+00,0.000000E+00,0.000000E+00,0.000000E+00,0.000000E+00,0.000000E+00,2.219897E+01,2.231807E+01,2.389853E+01,4.998176E+01,1.619462E+03,1.328072E+03,5.754558E-02,1.313330E-01,0.000000E+00,0.000000E+00,0.000000E+00,0.000000E+00,0.000000E+00,0.000000E+00,0.000000E+00,0.000000E+00,2.219902E+01,2.226968E+01,2.389876E+01,4.962757E+01,3.739331E+03,2.491995E+03,1.328722E-01,2.464418E-01,0.000000E+00,0.000000E+00,0.000000E+00,0.000000E+00,0.000000E+00,0.000000E+00,0.000000E+00,0.000000E+00,2.219896E+01,2.228262E+01,2.389855E+01,4.996174E+01,1.619462E+03,1.147062E+03,5.754558E-02,1.134365E-01,0.000000E+00,0.000000E+00,0.000000E+00,0.000000E+00,0.000000E+00,0.000000E+00,0.000000E+00,0.000000E+00,2.219902E+01,2.226968E+01,2.389856E+01,4.998007E+01,2.954047E+03,2.645391E+03,1.049678E-01,2.616239E-01,0.000000E+00,0.000000E+00,0.000000E+00,0.000000E+00,0.000000E+00,0.000000E+00,0.000000E+00,0.000000E+00,2.219887E+01,2.062306E+01,2.389794E+01,5.173446E+01
13:45:00,3.847054E+03,2.589041E+03,1.367000E-01,2.560383E-01,0.000000E+00,0.000000E+00,0.000000E+00,0.000000E+00,0.000000E+00,0.000000E+00,0.000000E+00,0.000000E+00,2.219897E+01,2.231807E+01,2.389827E+01,5.045475E+01,1.619462E+03,1.336088E+03,5.754558E-02,1.321264E-01,0.000000E+00,0.000000E+00,0.000000E+00,0.000000E+00,0.000000E+00,0.000000E+00,0.000000E+00,0.000000E+00,2.219902E+01,2.226968E+01,2.389843E+01,5.015925E+01,3.739331E+03,2.579762E+03,1.328722E-01,2.551200E-01,0.000000E+00,0.000000E+00,0.000000E+00,0.000000E+00,0.000000E+00,0.000000E+00,0.000000E+00,0.000000E+00,2.219896E+01,2.228262E+01,2.389829E+01,5.045203E+01,1.619462E+03,1.222760E+03,5.754558E-02,1.209222E-01,0.000000E+00,0.000000E+00,0.000000E+00,0.000000E+00,0.000000E+00,0.000000E+00,0.000000E+00,0.000000E+00,2.219902E+01,2.226968E+01,2.389825E+01,5.041884E+01,2.954047E+03,2.794657E+03,1.049678E-01,2.763857E-01,0.000000E+00,0.000000E+00,0.000000E+00,0.000000E+00,0.000000E+00,0.000000E+00,0.000000E+00,0.000000E+00,2.219887E+01,2.062306E+01,2.389777E+01,5.217563E+01
14:00:00,3.847054E+03,2.696044E+03,1.367000E-01,2.666231E-01,0.000000E+00,0.000000E+00,0.000000E+00,0.000000E+00,0.000000E+00,0.000000E+00,0.000000E+00,0.000000E+00,2.219897E+01,2.231807E+01,2.389790E+01,5.072772E+01,1.619462E+03,1.350344E+03,5.754558E-02,1.335384E-01,0.000000E+00,0.000000E+00,0.000000E+00,0.000000E+00,0.000000E+00,0.000000E+00,0.000000E+00,0.000000E+00,2.219902E+01,2.226968E+01,2.389803E+01,5.046042E+01,3.739331E+03,2.669929E+03,1.328722E-01,2.640399E-01,0.000000E+00,0.000000E+00,0.000000E+00,0.000000E+00,0.000000E+00,0.000000E+00,0.000000E+00,0.000000E+00,2.219896E+01,2.228262E+01,2.389792E+01,5.074350E+01,1.619462E+03,1.313994E+03,5.754558E-02,1.299466E-01,0.000000E+00,0.000000E+00,0.000000E+00,0.000000E+00,0.000000E+00,0.000000E+00,0.000000E+00,0.000000E+00,2.219902E+01,2.226968E+01,2.389782E+01,5.060328E+01,2.954047E+03,2.948215E+03,1.049678E-01,2.915752E-01,0.000000E+00,0.000000E+00,0.000000E+00,0.000000E+00,0.000000E+00,0.000000E+00,0.000000E+00,0.000000E+00,2.219887E+01,2.062306E+01,2.389752E+01,5.252711E+01
14:15:00,3.847054E+03,2.757157E+03,1.367000E-01,2.726732E-01,0.000000E+00,0.000000E+00,0.000000E+00,0.000000E+00,0.000000E+00,0.000000E+00,0.000000E+00,0.000000E+00,2.219897E+01,2.231807E+01,2.389764E+01,5.080073E+01,1.619462E+03,1.347480E+03,5.754558E-02,1.332587E-01,0.000000E+00,0.000000E+00,0.000000E+00,0.000000E+00,0.000000E+00,0.000000E+00,0.000000E+00,0.000000E+00,2.219902E+01,2.226968E+01,2.389777E+01,5.056648E+01,3.739331E+03,2.712252E+03,1.328722E-01,2.682316E-01,0.000000E+00,0.000000E+00,0.000000E+00,0.000000E+00,0.000000E+00,0.000000E+00,0.000000E+00,0.000000E+00,2.219896E+01,2.228262E+01,2.389766E+01,5.083785E+01,1.619462E+03,1.397239E+03,5.754558E-02,1.381831E-01,0.000000E+00,0.000000E+00,0.000000E+00,0.000000E+00,0.000000E+00,0.000000E+00,0.000000E+00,0.000000E+00,2.219902E+01,2.226968E+01,2.389751E+01,5.055138E+01,2.954047E+03,3.016445E+03,1.049678E-01,2.983293E-01,0.000000E+00,0.000000E+00,0.000000E+00,0.000000E+00,0.000000E+00,0.000000E+00,0.000000E+00,0.000000E+00,2.219887E+01,2.062306E+01,2.389730E+01,5.271896E+01
14:30:00,3.847054E+03,2.818290E+03,1.367000E-01,2.787266E-01,0.000000E+00,0.000000E+00,0.000000E+00,0.000000E+00,0.000000E+00,0.000000E+00,0.000000E+00,0.000000E+00,2.219897E+01,2.231807E+01,2.389745E+01,5.099726E+01,1.619462E+03,1.347399E+03,5.754558E-02,1.332546E-01,0.000000E+00,0.000000E+00,0.000000E+00,0.000000E+00,0.000000E+00,0.000000E+00,0.000000E+00,0.000000E+00,2.219902E+01,2.226968E+01,2.389761E+01,5.081747E+01,3.739331E+03,2.752859E+03,1.328722E-01,2.722549E-01,0.000000E+00,0.000000E+00,0.000000E+00,0.000000E+00,0.000000E+00,0.000000E+00,0.000000E+00,0.000000E+00,2.219896E+01,2.228262E+01,2.389748E+01,5.105902E+01,1.619462E+03,1.491625E+03,5.754558E-02,1.475222E-01,0.000000E+00,0.000000E+00,0.000000E+00,0.000000E+00,0.000000E+00,0.000000E+00,0.000000E+00,0.000000E+00,2.219902E+01,2.226968E+01,2.389730E+01,5.060797E+01,2.954047E+03,3.085110E+03,1.049678E-01,3.051275E-01,0.000000E+00,0.000000E+00,0.000000E+00,0.000000E+00,0.000000E+00,0.000000E+00,0.000000E+00,0.000000E+00,2.219887E+01,2.062306E+01,2.389703E+01,5.302058E+01
14:45:00,3.847054E+03,2.878596E+03,1.367000E-01,2.846980E-01,0.000000E+00,0.000000E+00,0.000000E+00,0.000000E+00,0.000000E+00,0.000000E+00,0.000000E+00,0.000000E+00,2.219897E+01,2.231807E+01,2.389726E+01,5.118616E+01,1.619462E+03,1.349445E+03,5.754558E-02,1.334604E-01,0.000000E+00,0.000000E+00,0.000000E+00,0.000000E+00,0.000000E+00,0.000000E+00,0.000000E+00,0.000000E+00,2.219902E+01,2.226968E+01,2.389742E+01,5.106508E+01,3.739331E+03,2.791371E+03,1.328722E-01,2.760706E-01,0.000000E+00,0.000000E+00,0.000000E+00,0.000000E+00,0.000000E+00,0.000000E+00,0.000000E+00,0.000000E+00,2.219896E+01,2.228262E+01,2.389728E+01,5.127623E+01,1.619462E+03,1.594960E+03,5.754558E-02,1.577466E-01,0.000000E+00,0.000000E+00,0.000000E+00,0.000000E+00,0.000000E+00,0.000000E+00,0.000000E+00,0.000000E+00,2.219902E+01,2.226968E+01,2.389707E+01,5.063546E+01,2.954047E+03,3.154021E+03,1.049678E-01,3.119506E-01,0.000000E+00,0.000000E+00,0.000000E+00,0.000000E+00,0.000000E+00,0.000000E+00,0.000000E+00,0.000000E+00,2.219887E+01,2.062306E+01,2.389681E+01,5.331320E+01
15:00:00,3.847054E+03,2.938064E+03,1.367000E-01,2.905856E-01,0.000000E+00,0.000000E+00,0.000000E+00,0.000000E+00,0.000000E+00,0.000000E+00,0.000000E+00,0.000000E+00,2.219897E+01,2.231807E+01,2.389706E+01,5.127695E+01,1.619462E+03,1.351834E+03,5.754558E-02,1.336993E-01,0.000000E+00,0.000000E+00,0.000000E+00,0.000000E+00,0.000000E+00,0.000000E+00,0.000000E+00,0.000000E+00,2.219902E+01,2.226968E+01,2.389722E+01,5.121116E+01,3.739331E+03,2.824885E+03,1.328722E-01,2.793910E-01,0.000000E+00,0.000000E+00,0.000000E+00,0.000000E+00,0.000000E+00,0.000000E+00,0.000000E+00,0.000000E+00,2.219896E+01,2.228262E+01,2.389709E+01,5.139796E+01,1.619462E+03,1.719241E+03,5.754558E-02,1.700425E-01,0.000000E+00,0.000000E+00,0.000000E+00,0.000000E+00,0.000000E+00,0.000000E+00,0.000000E+00,0.000000E+00,2.219902E+01,2.226968E+01,2.389686E+01,5.055504E+01,2.954047E+03,3.222988E+03,1.049678E-01,3.187791E-01,0.000000E+00,0.000000E+00,0.000000E+00,0.000000E+00,0.000000E+00,0.000000E+00,0.000000E+00,0.000000E+00,2.219887E+01,2.062306E+01,2.389660E+01,5.350470E+01
15:15:00,3.847054E+03,2.953276E+03,1.367000E-01,2.920952E-01,0.000000E+00,0.000000E+00,0.000000E+00,0.000000E+00,0.000000E+00,0.000000E+00,0.000000E+00,0.000000E+00,2.219897E+01,2.231807E+01,2.389693E+01,5.128122E+01,1.619462E+03,1.335574E+03,5.754558E-02,1.320934E-01,0.000000E+00,0.000000E+00,0.000000E+00,0.000000E+00,0.000000E+00,0.000000E+00,0.000000E+00,0.000000E+00,2.219902E+01,2.226968E+01,2.389711E+01,5.127394E+01,3.739331E+03,2.812325E+03,1.328722E-01,2.781534E-01,0.000000E+00,0.000000E+00,0.000000E+00,0.000000E+00,0.000000E+00,0.000000E+00,0.000000E+00,0.000000E+00,2.219896E+01,2.228262E+01,2.389698E+01,5.143942E+01,1.619462E+03,1.837795E+03,5.754558E-02,1.817696E-01,0.000000E+00,0.000000E+00,0.000000E+00,0.000000E+00,0.000000E+00,0.000000E+00,0.000000E+00,0.000000E+00,2.219902E+01,2.226968E+01,2.389715E+01,5.036367E+01,2.954047E+03,3.216044E+03,1.049678E-01,3.180991E-01,0.000000E+00,0.000000E+00,0.000000E+00,0.000000E+00,0.000000E+00,0.000000E+00,0.000000E+00,0.000000E+00,2.219887E+01,2.062306E+01,2.389644E+01,5.359140E+01
15:30:00,3.847054E+03,2.962562E+03,1.367000E-01,2.930173E-01,0.000000E+00,0.000000E+00,0.000000E+00,0.000000E+00,0.000000E+00,0.000000E+00,0.000000E+00,0.000000E+00,2.219897E+01,2.231807E+01,2.389695E+01,5.128227E+01,1.619462E+03,1.317734E+03,5.754558E-02,1.303306E-01,0.000000E+00,0.000000E+00,0.000000E+00,0.000000E+00,0.000000E+00,0.000000E+00,0.000000E+00,0.000000E+00,2.219902E+01,2.226968E+01,2.389712E+01,5.133528E+01,3.739331E+03,2.792614E+03,1.328722E-01,2.762072E-01,0.000000E+00,0.000000E+00,0.000000E+00,0.000000E+00,0.000000E+00,0.000000E+00,0.000000E+00,0.000000E+00,2.219896E+01,2.228262E+01,2.389700E+01,5.148186E+01,1.619462E+03,1.964293E+03,5.754558E-02,1.942811E-01,0.000000E+00,0.000000E+00,0.000000E+00,0.000000E+00,0.000000E+00,0.000000E+00,0.000000E+00,0.000000E+00,2.219902E+01,2.226968E+01,2.389724E+01,5.016677E+01,2.954047E+03,3.204573E+03,1.049678E-01,3.169687E-01,0.000000E+00,0.000000E+00,0.000000E+00,0.000000E+00,0.000000E+00,0.000000E+00,0.000000E+00,0.000000E+00,2.219887E+01,2.062306E+01,2.389649E+01,5.367378E+01
15:45:00,3.847054E+03,2.965968E+03,1.367000E-01,2.933566E-01,0.000000E+00,0.000000E+00,0.000000E+00,0.000000E+00,0.000000E+00,0.000000E+00,0.000000E+00,0.000000E+00,2.219897E+01,2.231807E+01,2.389694E+01,5.128439E+01,1.619462E+03,1.298408E+03,5.754558E-02,1.284201E-01,0.000000E+00,0.000000E+00,0.000000E+00,0.000000E+00,0.000000E+00,0.000000E+00,0.000000E+00,0.000000E+00,2.219902E+01,2.226968E+01,2.389711E+01,5.139611E+01,3.739331E+03,2.766576E+03,1.328722E-01,2.736339E-01,0.000000E+00,0.000000E+00,0.000000E+00,0.000000E+00,0.000000E+00,0.000000E+00,0.000000E+00,0.000000E+00,2.219896E+01,2.228262E+01,2.389699E+01,5.152491E+01,1.619462E+03,2.095485E+03,5.754558E-02,2.072557E-01,0.000000E+00,0.000000E+00,0.000000E+00,0.000000E+00,0.000000E+00,0.000000E+00,0.000000E+00,0.000000E+00,2.219902E+01,2.226968E+01,2.389728E+01,4.999775E+01,2.954047E+03,3.189326E+03,1.049678E-01,3.154636E-01,0.000000E+00,0.000000E+00,0.000000E+00,0.000000E+00,0.000000E+00,0.000000E+00,0.000000E+00,0.000000E+00,2.219887E+01,2.062306E+01,2.389644E+01,5.374219E+01
16:00:00,3.847054E+03,2.962102E+03,1.367000E-01,2.929752E-01,0.000000E+00,0.000000E+00,0.000000E+00,0.000000E+00,0.000000E+00,0.000000E+00,0.000000E+00,0.000000E+00,2.219897E+01,2.231807E+01,2.389692E+01,5.128083E+01,1.619462E+03,1.278670E+03,5.754558E-02,1.264683E-01,0.000000E+00,0.000000E+00,0.000000E+00,0.000000E+00,0.000000E+00,0.000000E+00,0.000000E+00,0.000000E+00,2.219902E+01,2.226968E+01,2.389709E+01,5.144762E+01,3.739331E+03,2.737120E+03,1.328722E-01,2.707213E-01,0.000000E+00,0.000000E+00,0.000000E+00,0.000000E+00,0.000000E+00,0.000000E+00,0.000000E+00,0.000000E+00,2.219896E+01,2.228262E+01,2.389697E+01,5.155940E+01,1.619462E+03,2.213944E+03,5.754558E-02,2.189696E-01,0.000000E+00,0.000000E+00,0.000000E+00,0.000000E+00,0.000000E+00,0.000000E+00,0.000000E+00,0.000000E+00,2.219902E+01,2.226968E+01,2.389732E+01,4.985861E+01,2.954047E+03,3.170857E+03,1.049678E-01,3.136385E-01,0.000000E+00,0.000000E+00,0.000000E+00,0.000000E+00,0.000000E+00,0.000000E+00,0.000000E+00,0.000000E+00,2.219887E+01,2.062306E+01,2.389638E+01,5.378115E+01
16:15:00,3.847054E+03,2.930822E+03,1.367000E-01,2.898815E-01,0.000000E+00,0.000000E+00,0.000000E+00,0.000000E+00,0.000000E+00,0.000000E+00,0.000000E+00,0.000000E+00,2.219897E+01,2.231807E+01,2.389692E+01,5.127314E+01,1.619462E+03,1.249417E+03,5.754558E-02,1.235751E-01,0.000000E+00,0.000000E+00,0.000000E+00,0.000000E+00,0.000000E+00,0.000000E+00,0.000000E+00,0.000000E+00,2.219902E+01,2.226968E+01,2.389708E+01,5.149020E+01,3.739331E+03,2.683737E+03,1.328722E-01,2.654415E-01,0.000000E+00,0.000000E+00,0.000000E+00,0.000000E+00,0.000000E+00,0.000000E+00,0.000000E+00,0.000000E+00,2.219896E+01,2.228262E+01,2.389696E+01,5.158587E+01,1.619462E+03,2.312450E+03,5.754558E-02,2.287111E-01,0.000000E+00,0.000000E+00,0.000000E+00,0.000000E+00,0.000000E+00,0.000000E+00,0.000000E+00,0.000000E+00,2.219902E+01,2.226968E+01,2.389735E+01,4.974354E+01,2.954047E+03,3.112692E+03,1.049678E-01,3.078860E-01,0.000000E+00,0.000000E+00,0.000000E+00,0.000000E+00,0.000000E+00,0.000000E+00,0.000000E+00,0.000000E+00,2.219887E+01,2.062306E+01,2.389634E+01,5.379226E+01
16:30:00,3.847054E+03,2.888226E+03,1.367000E-01,2.856676E-01,0.000000E+00,0.000000E+00,0.000000E+00,0.000000E+00,0.000000E+00,0.000000E+00,0.000000E+00,0.000000E+00,2.219897E+01,2.231807E+01,2.389706E+01,5.133699E+01,1.619462E+03,1.217369E+03,5.754558E-02,1.204052E-01,0.000000E+00,0.000000E+00,0.000000E+00,0.000000E+00,0.000000E+00,0.000000E+00,0.000000E+00,0.000000E+00,2.219902E+01,2.226968E+01,2.389721E+01,5.160356E+01,3.739331E+03,2.622470E+03,1.328722E-01,2.593812E-01,0.000000E+00,0.000000E+00,0.000000E+00,0.000000E+00,0.000000E+00,0.000000E+00,0.000000E+00,0.000000E+00,2.219896E+01,2.228262E+01,2.389710E+01,5.168739E+01,1.619462E+03,2.399017E+03,5.754558E-02,2.372718E-01,0.000000E+00,0.000000E+00,0.000000E+00,0.000000E+00,0.000000E+00,0.000000E+00,0.000000E+00,0.000000E+00,2.219902E+01,2.226968E+01,2.389744E+01,4.967885E+01,2.954047E+03,3.050810E+03,1.049678E-01,3.017643E-01,0.000000E+00,0.000000E+00,0.000000E+00,0.000000E+00,0.000000E+00,0.000000E+00,0.000000E+00,0.000000E+00,2.219887E+01,2.062306E+01,2.389661E+01,5.391896E+01
16:45:00,3.847054E+03,2.833760E+03,1.367000E-01,2.802797E-01,0.000000E+00,0.000000E+00,0.000000E+00,0.000000E+00,0.000000E+00,0.000000E+00,0.000000E+00,0.000000E+00,2.219897E+01,2.231807E+01,2.389707E+01,5.142302E+01,1.619462E+03,1.183244E+03,5.754558E-02,1.170297E-01,0.000000E+00,0.000000E+00,0.000000E+00,0.000000E+00,0.000000E+00,0.000000E+00,0.000000E+00,0.000000E+00,2.219902E+01,2.226968E+01,2.389721E+01,5.173728E+01,3.739331E+03,2.555376E+03,1.328722E-01,2.527443E-01,0.000000E+00,0.000000E+00,0.000000E+00,0.000000E+00,0.000000E+00,0.000000E+00,0.000000E+00,0.000000E+00,2.219896E+01,2.228262E+01,2.389711E+01,5.181247E+01,1.619462E+03,2.470691E+03,5.754558E-02,2.443595E-01,0.000000E+00,0.000000E+00,0.000000E+00,0.000000E+00,0.000000E+00,0.000000E+00,0.000000E+00,0.000000E+00,2.219902E+01,2.226968E+01,2.389746E+01,4.962563E+01,2.954047E+03,2.985256E+03,1.049678E-01,2.952792E-01,0.000000E+00,0.000000E+00,0.000000E+00,0.000000E+00,0.000000E+00,0.000000E+00,0.000000E+00,0.000000E+00,2.219887E+01,2.062306E+01,2.389658E+01,5.407946E+01
17:00:00,3.847054E+03,2.766539E+03,1.367000E-01,2.736301E-01,0.000000E+00,0.000000E+00,0.000000E+00,0.000000E+00,0.000000E+00,0.000000E+00,0.000000E+00,0.000000E+00,2.219897E+01,2.231807E+01,2.389704E+01,5.149679E+01,1.619462E+03,1.147054E+03,5.754558E-02,1.134501E-01,0.000000E+00,0.000000E+00,0.000000E+00,0.000000E+00,0.000000E+00,0.000000E+00,0.000000E+00,0.000000E+00,2.219902E+01,2.226968E+01,2.389717E+01,5.185115E+01,3.739331E+03,2.482732E+03,1.328722E-01,2.455587E-01,0.000000E+00,0.000000E+00,0.000000E+00,0.000000E+00,0.000000E+00,0.000000E+00,0.000000E+00,0.000000E+00,2.219896E+01,2.228262E+01,2.389707E+01,5.191834E+01,1.619462E+03,2.524575E+03,5.754558E-02,2.496879E-01,0.000000E+00,0.000000E+00,0.000000E+00,0.000000E+00,0.000000E+00,0.000000E+00,0.000000E+00,0.000000E+00,2.219902E+01,2.226968E+01,2.389746E+01,4.957363E+01,2.954047E+03,2.916023E+03,1.049678E-01,2.884302E-01,0.000000E+00,0.000000E+00,0.000000E+00,0.000000E+00,0.000000E+00,0.000000E+00,0.000000E+00,0.000000E+00,2.219887E+01,2.062306E+01,2.389650E+01,5.420445E+01
17:15:00,3.847054E+03,2.726034E+03,1.367000E-01,2.696231E-01,0.000000E+00,0.000000E+00,0.000000E+00,0.000000E+00,0.000000E+00,0.000000E+00,0.000000E+00,0.000000E+00,2.219897E+01,2.231807E+01,2.389703E+01,5.155910E+01,1.619462E+03,1.125829E+03,5.754558E-02,1.113506E-01,0.000000E+00,0.000000E+00,0.000000E+00,0.000000E+00,0.000000E+00,0.000000E+00,0.000000E+00,0.000000E+00,2.219902E+01,2.226968E+01,2.389714E+01,5.194219E+01,3.739331E+03,2.444057E+03,1.328722E-01,2.417330E-01,0.000000E+00,0.000000E+00,0.000000E+00,0.000000E+00,0.000000E+00,0.000000E+00,0.000000E+00,0.000000E+00,2.219896E+01,2.228262E+01,2.389704E+01,5.200045E+01,1.619462E+03,2.575676E+03,5.754558E-02,2.547411E-01,0.000000E+00,0.000000E+00,0.000000E+00,0.000000E+00,0.000000E+00,0.000000E+00,0.000000E+00,0.000000E+00,2.219902E+01,2.226968E+01,2.389748E+01,4.953196E+01,2.954047E+03,2.916430E+03,1.049678E-01,2.884698E-01,0.000000E+00,0.000000E+00,0.000000E+00,0.000000E+00,0.000000E+00,0.000000E+00,0.000000E+00,0.000000E+00,2.219887E+01,2.062306E+01,2.389643E+01,5.428010E+01
17:30:00,3.847054E+03,2.675677E+03,1.367000E-01,2.646426E-01,0.000000E+00,0.000000E+00,0.000000E+00,0.000000E+00,0.000000E+00,0.000000E+00,0.000000E+00,0.000000E+00,2.219897E+01,2.231807E+01,2.389704E+01,5.162489E+01,1.619462E+03,1.104147E+03,5.754558E-02,1.092063E-01,0.000000E+00,0.000000E+00,0.000000E+00,0.000000E+00,0.000000E+00,0.000000E+00,0.000000E+00,0.000000E+00,2.219902E+01,2.226968E+01,2.389713E+01,5.202478E+01,3.739331E+03,2.403669E+03,1.328722E-01,2.377388E-01,0.000000E+00,0.000000E+00,0.000000E+00,0.000000E+00,0.000000E+00,0.000000E+00,0.000000E+00,0.000000E+00,2.219896E+01,2.228262E+01,2.389703E+01,5.207307E+01,1.619462E+03,2.602186E+03,5.754558E-02,2.573625E-01,0.000000E+00,0.000000E+00,0.000000E+00,0.000000E+00,0.000000E+00,0.000000E+00,0.000000E+00,0.000000E+00,2.219902E+01,2.226968E+01,2.389752E+01,4.950898E+01,2.954047E+03,2.914504E+03,1.049678E-01,2.882809E-01,0.000000E+00,0.000000E+00,0.000000E+00,0.000000E+00,0.000000E+00,0.000000E+00,0.000000E+00,0.000000E+00,2.219887E+01,2.062306E+01,2.389639E+01,5.432121E+01
17:45:00,3.847054E+03,2.615124E+03,1.367000E-01,2.586536E-01,0.000000E+00,0.000000E+00,0.000000E+00,0.000000E+00,0.000000E+00,0.000000E+00,0.000000E+00,0.000000E+00,2.219897E+01,2.231807E+01,2.389706E+01,5.170513E+01,1.619462E+03,1.080787E+03,5.754558E-02,1.068961E-01,0.000000E+00,0.000000E+00,0.000000E+00,0.000000E+00,0.000000E+00,0.000000E+00,0.000000E+00,0.000000E+00,2.219902E+01,2.226968E+01,2.389714E+01,5.211160E+01,3.739331E+03,2.358804E+03,1.328722E-01,2.333017E-01,0.000000E+00,0.000000E+00,0.000000E+00,0.000000E+00,0.000000E+00,0.000000E+00,0.000000E+00,0.000000E+00,2.219896E+01,2.228262E+01,2.389704E+01,5.214940E+01,1.619462E+03,2.600905E+03,5.754558E-02,2.572352E-01,0.000000E+00,0.000000E+00,0.000000E+00,0.000000E+00,0.000000E+00,0.000000E+00,0.000000E+00,0.000000E+00,2.219902E+01,2.226968E+01,2.389756E+01,4.950779E+01,2.954047E+03,2.909908E+03,1.049678E-01,2.878278E-01,0.000000E+00,0.000000E+00,0.000000E+00,0.000000E+00,0.000000E+00,0.000000E+00,0.000000E+00,0.000000E+00,2.219887E+01,2.062306E+01,2.389637E+01,5.434610E+01
18:00:00,3.847054E+03,2.546228E+03,1.367000E-01,2.518390E-01,0.000000E+00,0.000000E+00,0.000000E+00,0.000000E+00,0.000000E+00,0.000000E+00,0.000000E+00,0.000000E+00,2.219897E+01,2.231807E+01,2.389709E+01,5.180391E+01,1.619462E+03,1.055222E+03,5.754558E-02,1.043676E-01,0.000000E+00,0.000000E+00,0.000000E+00,0.000000E+00,0.000000E+00,0.000000E+00,0.000000E+00,0.000000E+00,2.219902E+01,2.226968E+01,2.389715E+01,5.220948E+01,3.739331E+03,2.308341E+03,1.328722E-01,2.283107E-01,0.000000E+00,0.000000E+00,0.000000E+00,0.000000E+00,0.000000E+00,0.000000E+00,0.000000E+00,0.000000E+00,2.219896E+01,2.228262E+01,2.389705E+01,5.223676E+01,1.619462E+03,2.567288E+03,5.754558E-02,2.539095E-01,0.000000E+00,0.000000E+00,0.000000E+00,0.000000E+00,0.000000E+00,0.000000E+00,0.000000E+00,0.000000E+00,2.219902E+01,2.226968E+01,2.389760E+01,4.953042E+01,2.954047E+03,2.902214E+03,1.049678E-01,2.870677E-01,0.000000E+00,0.000000E+00,0.000000E+00,0.000000E+00,0.000000E+00,0.000000E+00,0.000000E+00,0.000000E+00,2.219887E+01,2.062306E+01,2.389636E+01,5.436706E+01
18:15:00,3.847054E+03,2.304101E+03,1.367000E-01,2.278906E-01,0.000000E+00,0.000000E+00,0.000000E+00,0.000000E+00,0.000000E+00,0.000000E+00,0.000000E+00,0.000000E+00,2.219897E+01,2.231807E+01,2.389711E+01,5.191942E+01,1.619462E+03,9.531835E+02,5.754558E-02,9.427535E-02,0.000000E+00,0.000000E+00,0.000000E+00,0.000000E+00,0.000000E+00,0.000000E+00,0.000000E+00,0.000000E+00,2.219902E+01,2.226968E+01,2.389717E+01,5.232167E+01,3.739331E+03,2.085387E+03,1.328722E-01,2.062590E-01,0.000000E+00,0.000000E+00,0.000000E+00,0.000000E+00,0.000000E+00,0.000000E+00,0.000000E+00,0.000000E+00,2.219896E+01,2.228262E+01,2.389707E+01,5.233866E+01,1.619462E+03,2.420005E+03,5.754558E-02,2.393420E-01,0.000000E+00,0.000000E+00,0.000000E+00,0.000000E+00,0.000000E+00,0.000000E+00,0.000000E+00,0.000000E+00,2.219902E+01,2.226968E+01,2.389766E+01,4.958130E+01,2.954047E+03,2.592825E+03,1.049678E-01,2.564654E-01,0.000000E+00,0.000000E+00,0.000000E+00,0.000000E+00,0.000000E+00,0.000000E+00,0.000000E+00,0.000000E+00,2.219887E+01,2.062306E+01,2.389637E+01,5.439029E+01
18:30:00,3.847054E+03,2.041149E+03,1.367000E-01,2.018798E-01,0.000000E+00,0.000000E+00,0.000000E+00,0.000000E+00,0.000000E+00,0.000000E+00,0.000000E+00,0.000000E+00,2.219897E+01,2.231807E+01,2.389785E+01,5.171224E+01,1.619462E+03,8.415800E+02,5.754558E-02,8.323583E-02,0.000000E+00,0.000000E+00,0.000000E+00,0.000000E+00,0.000000E+00,0.000000E+00,0.000000E+00,0.000000E+00,2.219902E+01,2.226968E+01,2.389795E+01,5.211813E+01,3.739331E+03,1.841380E+03,1.328722E-01,1.821220E-01,0.000000E+00,0.000000E+00,0.000000E+00,0.000000E+00,0.000000E+00,0.000000E+00,0.000000E+00,0.000000E+00,2.219896E+01,2.228262E+01,2.389789E+01,5.214763E+01,1.619462E+03,2.219434E+03,5.754558E-02,2.195031E-01,0.000000E+00,0.000000E+00,0.000000E+00,0.000000E+00,0.000000E+00,0.000000E+00,0.000000E+00,0.000000E+00,2.219902E+01,2.226968E+01,2.389795E+01,4.925703E+01,2.954047E+03,2.263944E+03,1.049678E-01,2.239293E-01,0.000000E+00,0.000000E+00,0.000000E+00,0.000000E+00,0.000000E+00,0.000000E+00,0.000000E+00,0.000000E+00,2.219887E+01,2.062306E+01,2.389776E+01,5.427242E+01
18:45:00,3.847054E+03,1.760041E+03,1.367000E-01,1.740724E-01,0.000000E+00,0.000000E+00,0.000000E+00,0.000000E+00,0.000000E+00,0.000000E+00,0.000000E+00,0.000000E+00,2.219897E+01,2.231807E+01,2.389818E+01,5.147275E+01,1.619462E+03,7.217532E+02,5.754558E-02,7.138268E-02,0.000000E+00,0.000000E+00,0.000000E+00,0.000000E+00,0.000000E+00,0.000000E+00,0.000000E+00,0.000000E+00,2.219902E+01,2.226968E+01,2.389826E+01,5.188797E+01,3.739331E+03,1.579092E+03,1.328722E-01,1.561763E-01,0.000000E+00,0.000000E+00,0.000000E+00,0.000000E+00,0.000000E+00,0.000000E+00,0.000000E+00,0.000000E+00,2.219896E+01,2.228262E+01,2.389821E+01,5.192877E+01,1.619462E+03,1.954794E+03,5.754558E-02,1.933266E-01,0.000000E+00,0.000000E+00,0.000000E+00,0.000000E+00,0.000000E+00,0.000000E+00,0.000000E+00,0.000000E+00,2.219902E+01,2.226968E+01,2.389842E+01,4.901748E+01,2.954047E+03,1.919414E+03,1.049678E-01,1.898444E-01,0.000000E+00,0.000000E+00,0.000000E+00,0.000000E+00,0.000000E+00,0.000000E+00,0.000000E+00,0.000000E+00,2.219887E+01,2.062306E+01,2.389800E+01,5.414335E+01
19:00:00,3.847054E+03,1.465090E+03,1.367000E-01,1.448956E-01,0.000000E+00,0.000000E+00,0.000000E+00,0.000000E+00,0.000000E+00,0.000000E+00,0.000000E+00,0.000000E+00,2.219897E+01,2.231807E+01,2.389845E+01,5.139085E+01,1.619462E+03,5.961523E+02,5.754558E-02,5.895829E-02,0.000000E+00,0.000000E+00,0.000000E+00,0.000000E+00,0.000000E+00,0.000000E+00,0.000000E+00,0.000000E+00,2.219902E+01,2.226968E+01,2.389851E+01,5.181733E+01,3.739331E+03,1.303746E+03,1.328722E-01,1.289387E-01,0.000000E+00,0.000000E+00,0.000000E+00,0.000000E+00,0.000000E+00,0.000000E+00,0.000000E+00,0.000000E+00,2.219896E+01,2.228262E+01,2.389846E+01,5.185612E+01,1.619462E+03,1.628494E+03,5.754558E-02,1.610514E-01,0.000000E+00,0.000000E+00,0.000000E+00,0.000000E+00,0.000000E+00,0.000000E+00,0.000000E+00,0.000000E+00,2.219902E+01,2.226968E+01,2.389887E+01,4.905227E+01,2.954047E+03,1.562144E+03,1.049678E-01,1.544990E-01,0.000000E+00,0.000000E+00,0.000000E+00,0.000000E+00,0.000000E+00,0.000000E+00,0.000000E+00,0.000000E+00,2.219887E+01,2.062306E+01,2.389814E+01,5.408301E+01
19:15:00,3.847054E+03,1.207444E+03,1.367000E-01,1.194104E-01,0.000000E+00,0.000000E+00,0.000000E+00,0.000000E+00,0.000000E+00,0.000000E+00,0.000000E+00,0.000000E+00,2.219897E+01,2.231807E+01,2.389864E+01,5.148358E+01,1.619462E+03,4.865929E+02,5.754558E-02,4.812133E-02,0.000000E+00,0.000000E+00,0.000000E+00,0.000000E+00,0.000000E+00,0.000000E+00,0.000000E+00,0.000000E+00,2.219902E+01,2.226968E+01,2.389868E+01,5.192141E+01,3.739331E+03,1.065422E+03,1.328722E-01,1.053649E-01,0.000000E+00,0.000000E+00,0.000000E+00,0.000000E+00,0.000000E+00,0.000000E+00,0.000000E+00,0.000000E+00,2.219896E+01,2.228262E+01,2.389863E+01,5.194739E+01,1.619462E+03,1.300021E+03,5.754558E-02,1.285626E-01,0.000000E+00,0.000000E+00,0.000000E+00,0.000000E+00,0.000000E+00,0.000000E+00,0.000000E+00,0.000000E+00,2.219902E+01,2.226968E+01,2.389913E+01,4.931613E+01,2.954047E+03,1.267600E+03,1.049678E-01,1.253623E-01,0.000000E+00,0.000000E+00,0.000000E+00,0.000000E+00,0.000000E+00,0.000000E+00,0.000000E+00,0.000000E+00,2.219887E+01,2.062306E+01,2.389823E+01,5.410497E+01
19:30:00,3.847054E+03,9.550289E+02,1.367000E-01,9.444499E-02,0.000000E+00,0.000000E+00,0.000000E+00,0.000000E+00,0.000000E+00,0.000000E+00,0.000000E+00,0.000000E+00,2.219897E+01,2.231807E+01,2.389925E+01,5.114749E+01,1.619462E+03,3.791660E+02,5.754558E-02,3.749639E-02,0.000000E+00,0.000000E+00,0.000000E+00,0.000000E+00,0.000000E+00,0.000000E+00,0.000000E+00,0.000000E+00,2.219902E+01,2.226968E+01,2.389933E+01,5.159515E+01,3.739331E+03,8.314844E+02,1.328722E-01,8.222735E-02,0.000000E+00,0.000000E+00,0.000000E+00,0.000000E+00,0.000000E+00,0.000000E+00,0.000000E+00,0.000000E+00,2.219896E+01,2.228262E+01,2.389930E+01,5.163309E+01,1.619462E+03,9.945557E+02,5.754558E-02,9.835066E-02,0.000000E+00,0.000000E+00,0.000000E+00,0.000000E+00,0.000000E+00,0.000000E+00,0.000000E+00,0.000000E+00,2.219902E+01,2.226968E+01,2.389937E+01,4.905373E+01,2.954047E+03,9.665138E+02,1.049678E-01,9.558343E-02,0.000000E+00,0.000000E+00,0.000000E+00,0.000000E+00,0.000000E+00,0.000000E+00,0.000000E+00,0.000000E+00,2.219887E+01,2.062306E+01,2.389937E+01,5.383308E+01
19:45:00,3.847054E+03,7.134611E+02,1.367000E-01,7.055368E-02,0.000000E+00,0.000000E+00,0.000000E+00,0.000000E+00,0.000000E+00,0.000000E+00,0.000000E+00,0.000000E+00,2.219897E+01,2.231807E+01,2.389947E+01,5.063670E+01,1.619462E+03,2.758924E+02,5.754558E-02,2.728271E-02,0.000000E+00,0.000000E+00,0.000000E+00,0.000000E+00,0.000000E+00,0.000000E+00,0.000000E+00,0.000000E+00,2.219902E+01,2.226968E+01,2.389953E+01,5.109333E+01,3.739331E+03,6.064474E+02,1.328722E-01,5.997119E-02,0.000000E+00,0.000000E+00,0.000000E+00,0.000000E+00,0.000000E+00,0.000000E+00,0.000000E+00,0.000000E+00,2.219896E+01,2.228262E+01,2.389951E+01,5.115067E+01,1.619462E+03,7.368006E+02,5.754558E-02,7.285922E-02,0.000000E+00,0.000000E+00,0.000000E+00,0.000000E+00,0.000000E+00,0.000000E+00,0.000000E+00,0.000000E+00,2.219902E+01,2.226968E+01,2.389948E+01,4.860278E+01,2.954047E+03,6.613420E+02,1.049678E-01,6.540163E-02,0.000000E+00,0.000000E+00,0.000000E+00,0.000000E+00,0.000000E+00,0.000000E+00,0.000000E+00,0.000000E+00,2.219887E+01,2.062306E+01,2.389955E+01,5.344346E+01
20:00:00,3.847054E+03,4.833905E+02,1.367000E-01,4.780040E-02,0.000000E+00,0.000000E+00,0.000000E+00,0.000000E+00,0.000000E+00,0.000000E+00,0.000000E+00,0.000000E+00,2.219897E+01,2.231807E+01,2.389963E+01,5.018132E+01,1.619462E+03,1.768566E+02,5.754558E-02,1.748851E-02,0.000000E+00,0.000000E+00,0.000000E+00,0.000000E+00,0.000000E+00,0.000000E+00,0.000000E+00,0.000000E+00,2.219902E+01,2.226968E+01,2.389968E+01,5.064567E+01,3.739331E+03,3.905951E+02,1.328722E-01,3.862420E-02,0.000000E+00,0.000000E+00,0.000000E+00,0.000000E+00,0.000000E+00,0.000000E+00,0.000000E+00,0.000000E+00,2.219896E+01,2.228262E+01,2.389966E+01,5.071625E+01,1.619462E+03,5.394528E+02,5.754558E-02,5.334300E-02,0.000000E+00,0.000000E+00,0.000000E+00,0.000000E+00,0.000000E+00,0.000000E+00,0.000000E+00,0.000000E+00,2.219902E+01,2.226968E+01,2.389970E+01,4.824242E+01,2.954047E+03,3.543934E+02,1.049678E-01,3.504480E-02,0.000000E+00,0.000000E+00,0.000000E+00,0.000000E+00,0.000000E+00,0.000000E+00,0.000000E+00,0.000000E+00,2.219887E+01,2.062306E+01,2.389967E+01,5.308865E+01
20:15:00,3.847054E+03,3.298671E+02,1.367000E-01,3.261823E-02,0.000000E+00,0.000000E+00,0.000000E+00,0.000000E+00,0.000000E+00,0.000000E+00,0.000000E+00,0.000000E+00,2.219897E+01,2.231807E+01,2.389975E+01,4.985221E+01,1.619462E+03,1.149739E+02,5.754558E-02,1.136891E-02,0.000000E+00,0.000000E+00,0.000000E+00,0.000000E+00,0.000000E+00,0.000000E+00,0.000000E+00,0.000000E+00,2.219902E+01,2.226968E+01,2.389979E+01,5.032380E+01,3.739331E+03,2.556244E+02,1.328722E-01,2.527682E-02,0.000000E+00,0.000000E+00,0.000000E+00,0.000000E+00,0.000000E+00,0.000000E+00,0.000000E+00,0.000000E+00,2.219896E+01,2.228262E+01,2.389977E+01,5.039898E+01,1.619462E+03,4.108149E+02,5.754558E-02,4.062215E-02,0.000000E+00,0.000000E+00,0.000000E+00,0.000000E+00,0.000000E+00,0.000000E+00,0.000000E+00,0.000000E+00,2.219902E+01,2.226968E+01,2.389985E+01,4.803110E+01,2.954047E+03,2.297204E+02,1.049678E-01,2.271527E-02,0.000000E+00,0.000000E+00,0.000000E+00,0.000000E+00,0.000000E+00,0.000000E+00,0.000000E+00,0.000000E+00,2.219887E+01,2.062306E+01,2.389976E+01,5.282051E+01
20:30:00,3.847054E+03,1.986221E+02,1.367000E-01,1.964010E-02,0.000000E+00,0.000000E+00,0.000000E+00,0.000000E+00,0.000000E+00,0.000000E+00,0.000000E+00,0.000000E+00,2.219897E+01,2.231807E+01,2.389997E+01,4.971038E+01,1.619462E+03,6.657241E+01,5.754558E-02,6.582769E-03,0.000000E+00,0.000000E+00,0.000000E+00,0.000000E+00,0.000000E+00,0.000000E+00,0.000000E+00,0.000000E+00,2.219902E+01,2.226968E+01,2.388271E+01,5.025204E+01,3.739331E+03,1.491092E+02,1.328722E-01,1.474415E-02,0.000000E+00,0.000000E+00,0.000000E+00,0.000000E+00,0.000000E+00,0.000000E+00,0.000000E+00,0.000000E+00,2.219896E+01,2.228262E+01,2.388108E+01,5.033271E+01,1.619462E+03,2.990231E+02,5.754558E-02,2.956758E-02,0.000000E+00,0.000000E+00,0.000000E+00,0.000000E+00,0.000000E+00,0.000000E+00,0.000000E+00,0.000000E+00,2.219902E+01,2.226968E+01,2.389994E+01,4.793533E+01,2.954047E+03,1.325340E+02,1.049678E-01,1.310513E-02,0.000000E+00,0.000000E+00,0.000000E+00,0.000000E+00,0.000000E+00,0.000000E+00,0.000000E+00,0.000000E+00,2.219887E+01,2.062306E+01,2.377145E+01,5.312290E+01
20:45:00,3.847054E+03,9.338511E+01,1.367000E-01,9.233993E-03,0.000000E+00,0.000000E+00,0.000000E+00,0.000000E+00,0.000000E+00,0.000000E+00,0.000000E+00,0.000000E+00,2.219897E+01,2.231807E+01,2.387554E+01,4.975337E+01,1.619462E+03,2.887159E+01,5.754558E-02,2.854837E-03,0.000000E+00,0.000000E+00,0.000000E+00,0.000000E+00,0.000000E+00,0.000000E+00,0.000000E+00,0.000000E+00,2.219902E+01,2.226968E+01,2.381879E+01,5.042550E+01,3.739331E+03,6.519684E+01,1.328722E-01,6.446708E-03,0.000000E+00,0.000000E+00,0.000000E+00,0.000000E+00,0.000000E+00,0.000000E+00,0.000000E+00,0.000000E+00,2.219896E+01,2.228262E+01,2.381506E+01,5.051235E+01,1.619462E+03,2.014833E+02,5.754558E-02,1.992251E-02,0.000000E+00,0.000000E+00,0.000000E+00,0.000000E+00,0.000000E+00,0.000000E+00,0.000000E+00,0.000000E+00,2.219902E+01,2.226968E+01,2.389997E+01,4.789704E+01,2.954047E+03,5.740459E+01,1.049678E-01,5.676198E-03,0.000000E+00,0.000000E+00,0.000000E+00,0.000000E+00,0.000000E+00,0.000000E+00,0.000000E+00,0.000000E+00,2.219887E+01,2.062306E+01,2.361068E+01,5.362056E+01
21:00:00,3.847054E+03,9.905401E+00,1.367000E-01,9.794433E-04,0.000000E+00,0.000000E+00,0.000000E+00,0.000000E+00,0.000000E+00,0.000000E+00,0.000000E+00,0.000000E+00,2.219897E+01,2.231807E+01,2.380494E+01,4.997164E+01,1.619462E+03,0.000000E+00,5.754558E-02,0.000000E+00,0.000000E+00,0.000000E+00,0.000000E+00,0.000000E+00,0.000000E+00,0.000000E+00,0.000000E+00,0.000000E+00,2.219902E+01,2.226968E+01,2.372844E+01,5.071020E+01,3.739331E+03,0.000000E+00,1.328722E-01,0.000000E+00,0.000000E+00,0.000000E+00,0.000000E+00,0.000000E+00,0.000000E+00,0.000000E+00,0.000000E+00,0.000000E+00,2.219896E+01,2.228262E+01,2.372075E+01,5.080920E+01,1.619462E+03,1.151202E+02,5.754558E-02,1.138288E-02,0.000000E+00,0.000000E+00,0.000000E+00,0.000000E+00,0.000000E+00,0.000000E+00,0.000000E+00,0.000000E+00,2.219902E+01,2.226968E+01,2.389999E+01,4.788125E+01,2.954047E+03,0.000000E+00,1.049678E-01,0.000000E+00,0.000000E+00,0.000000E+00,0.000000E+00,0.000000E+00,0.000000E+00,0.000000E+00,0.000000E+00,0.000000E+00,2.219887E+01,2.062306E+01,2.347862E+01,5.405666E+01
21:15:00,3.847054E+03,0.000000E+00,1.367000E-01,0.000000E+00,0.000000E+00,0.000000E+00,0.000000E+00,0.000000E+00,0.000000E+00,0.000000E+00,0.000000E+00,0.000000E+00,2.219897E+01,2.231807E+01,2.370807E+01,5.027358E+01,1.619462E+03,0.000000E+00,5.754558E-02,0.000000E+00,0.000000E+00,0.000000E+00,0.000000E+00,0.000000E+00,0.000000E+00,0.000000E+00,0.000000E+00,0.000000E+00,2.219902E+01,2.226968E+01,2.363320E+01,5.101180E+01,3.739331E+03,0.000000E+00,1.328722E-01,0.000000E+00,0.000000E+00,0.000000E+00,0.000000E+00,0.000000E+00,0.000000E+00,0.000000E+00,0.000000E+00,0.000000E+00,2.219896E+01,2.228262E+01,2.362013E+01,5.112784E+01,1.619462E+03,6.356894E+01,5.754558E-02,6.285548E-03,0.000000E+00,0.000000E+00,0.000000E+00,0.000000E+00,0.000000E+00,0.000000E+00,0.000000E+00,0.000000E+00,2.219902E+01,2.226968E+01,2.389999E+01,4.787464E+01,2.954047E+03,0.000000E+00,1.049678E-01,0.000000E+00,0.000000E+00,0.000000E+00,0.000000E+00,0.000000E+00,0.000000E+00,0.000000E+00,0.000000E+00,0.000000E+00,2.219887E+01,2.062306E+01,2.337757E+01,5.439557E+01
21:30:00,3.847054E+03,0.000000E+00,1.367000E-01,0.000000E+00,0.000000E+00,0.000000E+00,0.000000E+00,0.000000E+00,0.000000E+00,0.000000E+00,0.000000E+00,0.000000E+00,2.219897E+01,2.231807E+01,2.354004E+01,5.079009E+01,1.619462E+03,0.000000E+00,5.754558E-02,0.000000E+00,0.000000E+00,0.000000E+00,0.000000E+00,0.000000E+00,0.000000E+00,0.000000E+00,0.000000E+00,0.000000E+00,2.219902E+01,2.226968E+01,2.347802E+01,5.149577E+01,3.739331E+03,0.000000E+00,1.328722E-01,0.000000E+00,0.000000E+00,0.000000E+00,0.000000E+00,0.000000E+00,0.000000E+00,0.000000E+00,0.000000E+00,0.000000E+00,2.219896E+01,2.228262E+01,2.345540E+01,5.164263E+01,1.619462E+03,2.888583E+01,5.754558E-02,2.856158E-03,0.000000E+00,0.000000E+00,0.000000E+00,0.000000E+00,0.000000E+00,0.000000E+00,0.000000E+00,0.000000E+00,2.219902E+01,2.226968E+01,2.382356E+01,4.809386E+01,2.954047E+03,0.000000E+00,1.049678E-01,0.000000E+00,0.000000E+00,0.000000E+00,0.000000E+00,0.000000E+00,0.000000E+00,0.000000E+00,0.000000E+00,0.000000E+00,2.219887E+01,2.062306E+01,2.321529E+01,5.493526E+01
21:45:00,3.847054E+03,0.000000E+00,1.367000E-01,0.000000E+00,0.000000E+00,0.000000E+00,0.000000E+00,0.000000E+00,0.000000E+00,0.000000E+00,0.000000E+00,0.000000E+00,2.219897E+01,2.231807E+01,2.337142E+01,5.131078E+01,1.619462E+03,0.000000E+00,5.754558E-02,0.000000E+00,0.000000E+00,0.000000E+00,0.000000E+00,0.000000E+00,0.000000E+00,0.000000E+00,0.000000E+00,0.000000E+00,2.219902E+01,2.226968E+01,2.332377E+01,5.197847E+01,3.739331E+03,0.000000E+00,1.328722E-01,0.000000E+00,0.000000E+00,0.000000E+00,0.000000E+00,0.000000E+00,0.000000E+00,0.000000E+00,0.000000E+00,0.000000E+00,2.219896E+01,2.228262E+01,2.329016E+01,5.216141E+01,1.619462E+03,8.383989E+00,5.754558E-02,8.289871E-04,0.000000E+00,0.000000E+00,0.000000E+00,0.000000E+00,0.000000E+00,0.000000E+00,0.000000E+00,0.000000E+00,2.219902E+01,2.226968E+01,2.368542E+01,4.849571E+01,2.954047E+03,0.000000E+00,1.049678E-01,0.000000E+00,0.000000E+00,0.000000E+00,0.000000E+00,0.000000E+00,0.000000E+00,0.000000E+00,0.000000E+00,0.000000E+00,2.219887E+01,2.062306E+01,2.304848E+01,5.549322E+01
22:00:00,3.847054E+03,0.000000E+00,1.367000E-01,0.000000E+00,0.000000E+00,0.000000E+00,0.000000E+00,0.000000E+00,0.000000E+00,0.000000E+00,0.000000E+00,0.000000E+00,2.219897E+01,2.231807E+01,2.322843E+01,5.175577E+01,1.619462E+03,0.000000E+00,5.754558E-02,0.000000E+00,0.000000E+00,0.000000E+00,0.000000E+00,0.000000E+00,0.000000E+00,0.000000E+00,0.000000E+00,0.000000E+00,2.219902E+01,2.226968E+01,2.319185E+01,5.239422E+01,3.739331E+03,0.000000E+00,1.328722E-01,0.000000E+00,0.000000E+00,0.000000E+00,0.000000E+00,0.000000E+00,0.000000E+00,0.000000E+00,0.000000E+00,0.000000E+00,2.219896E+01,2.228262E+01,2.314993E+01,5.260517E+01,1.619462E+03,0.000000E+00,5.754558E-02,0.000000E+00,0.000000E+00,0.000000E+00,0.000000E+00,0.000000E+00,0.000000E+00,0.000000E+00,0.000000E+00,0.000000E+00,2.219902E+01,2.226968E+01,2.353085E+01,4.894994E+01,2.954047E+03,0.000000E+00,1.049678E-01,0.000000E+00,0.000000E+00,0.000000E+00,0.000000E+00,0.000000E+00,0.000000E+00,0.000000E+00,0.000000E+00,0.000000E+00,2.219887E+01,2.062306E+01,2.291094E+01,5.595712E+01
22:15:00,3.847054E+03,0.000000E+00,1.367000E-01,0.000000E+00,0.000000E+00,0.000000E+00,0.000000E+00,0.000000E+00,0.000000E+00,0.000000E+00,0.000000E+00,0.000000E+00,2.219897E+01,2.231807E+01,2.310273E+01,5.215029E+01,1.619462E+03,0.000000E+00,5.754558E-02,0.000000E+00,0.000000E+00,0.000000E+00,0.000000E+00,0.000000E+00,0.000000E+00,0.000000E+00,0.000000E+00,0.000000E+00,2.219902E+01,2.226968E+01,2.307384E+01,5.276916E+01,3.739331E+03,0.000000E+00,1.328722E-01,0.000000E+00,0.000000E+00,0.000000E+00,0.000000E+00,0.000000E+00,0.000000E+00,0.000000E+00,0.000000E+00,0.000000E+00,2.219896E+01,2.228262E+01,2.302708E+01,5.299726E+01,1.619462E+03,0.000000E+00,5.754558E-02,0.000000E+00,0.000000E+00,0.000000E+00,0.000000E+00,0.000000E+00,0.000000E+00,0.000000E+00,0.000000E+00,0.000000E+00,2.219902E+01,2.226968E+01,2.338113E+01,4.939427E+01,2.954047E+03,0.000000E+00,1.049678E-01,0.000000E+00,0.000000E+00,0.000000E+00,0.000000E+00,0.000000E+00,0.000000E+00,0.000000E+00,0.000000E+00,0.000000E+00,2.219887E+01,2.062306E+01,2.279976E+01,5.633518E+01
22:30:00,3.847054E+03,0.000000E+00,1.367000E-01,0.000000E+00,0.000000E+00,0.000000E+00,0.000000E+00,0.000000E+00,0.000000E+00,0.000000E+00,0.000000E+00,0.000000E+00,2.219897E+01,2.231807E+01,2.298578E+01,5.252048E+01,1.619462E+03,0.000000E+00,5.754558E-02,0.000000E+00,0.000000E+00,0.000000E+00,0.000000E+00,0.000000E+00,0.000000E+00,0.000000E+00,0.000000E+00,0.000000E+00,2.219902E+01,2.226968E+01,2.296246E+01,5.312590E+01,3.739331E+03,0.000000E+00,1.328722E-01,0.000000E+00,0.000000E+00,0.000000E+00,0.000000E+00,0.000000E+00,0.000000E+00,0.000000E+00,0.000000E+00,0.000000E+00,2.219896E+01,2.228262E+01,2.291311E+01,5.336406E+01,1.619462E+03,0.000000E+00,5.754558E-02,0.000000E+00,0.000000E+00,0.000000E+00,0.000000E+00,0.000000E+00,0.000000E+00,0.000000E+00,0.000000E+00,0.000000E+00,2.219902E+01,2.226968E+01,2.323962E+01,4.981823E+01,2.954047E+03,0.000000E+00,1.049678E-01,0.000000E+00,0.000000E+00,0.000000E+00,0.000000E+00,0.000000E+00,0.000000E+00,0.000000E+00,0.000000E+00,0.000000E+00,2.219887E+01,2.062306E+01,2.270264E+01,5.666782E+01
22:45:00,3.847054E+03,0.000000E+00,1.367000E-01,0.000000E+00,0.000000E+00,0.000000E+00,0.000000E+00,0.000000E+00,0.000000E+00,0.000000E+00,0.000000E+00,0.000000E+00,2.219897E+01,2.231807E+01,2.287463E+01,5.287519E+01,1.619462E+03,0.000000E+00,5.754558E-02,0.000000E+00,0.000000E+00,0.000000E+00,0.000000E+00,0.000000E+00,0.000000E+00,0.000000E+00,0.000000E+00,0.000000E+00,2.219902E+01,2.226968E+01,2.285584E+01,5.347009E+01,3.739331E+03,0.000000E+00,1.328722E-01,0.000000E+00,0.000000E+00,0.000000E+00,0.000000E+00,0.000000E+00,0.000000E+00,0.000000E+00,0.000000E+00,0.000000E+00,2.219896E+01,2.228262E+01,2.280484E+01,5.371526E+01,1.619462E+03,0.000000E+00,5.754558E-02,0.000000E+00,0.000000E+00,0.000000E+00,0.000000E+00,0.000000E+00,0.000000E+00,0.000000E+00,0.000000E+00,0.000000E+00,2.219902E+01,2.226968E+01,2.310480E+01,5.022593E+01,2.954047E+03,0.000000E+00,1.049678E-01,0.000000E+00,0.000000E+00,0.000000E+00,0.000000E+00,0.000000E+00,0.000000E+00,0.000000E+00,0.000000E+00,0.000000E+00,2.219887E+01,2.062306E+01,2.261247E+01,5.697875E+01
23:00:00,3.847054E+03,0.000000E+00,1.367000E-01,0.000000E+00,0.000000E+00,0.000000E+00,0.000000E+00,0.000000E+00,0.000000E+00,0.000000E+00,0.000000E+00,0.000000E+00,2.219897E+01,2.231807E+01,2.276909E+01,5.321451E+01,1.619462E+03,0.000000E+00,5.754558E-02,0.000000E+00,0.000000E+00,0.000000E+00,0.000000E+00,0.000000E+00,0.000000E+00,0.000000E+00,0.000000E+00,0.000000E+00,2.219902E+01,2.226968E+01,2.275419E+01,5.380060E+01,3.739331E+03,0.000000E+00,1.328722E-01,0.000000E+00,0.000000E+00,0.000000E+00,0.000000E+00,0.000000E+00,0.000000E+00,0.000000E+00,0.000000E+00,0.000000E+00,2.219896E+01,2.228262E+01,2.270198E+01,5.405141E+01,1.619462E+03,0.000000E+00,5.754558E-02,0.000000E+00,0.000000E+00,0.000000E+00,0.000000E+00,0.000000E+00,0.000000E+00,0.000000E+00,0.000000E+00,0.000000E+00,2.219902E+01,2.226968E+01,2.297621E+01,5.061826E+01,2.954047E+03,0.000000E+00,1.049678E-01,0.000000E+00,0.000000E+00,0.000000E+00,0.000000E+00,0.000000E+00,0.000000E+00,0.000000E+00,0.000000E+00,0.000000E+00,2.219887E+01,2.062306E+01,2.252748E+01,5.727359E+01
23:15:00,3.847054E+03,0.000000E+00,1.367000E-01,0.000000E+00,0.000000E+00,0.000000E+00,0.000000E+00,0.000000E+00,0.000000E+00,0.000000E+00,0.000000E+00,0.000000E+00,2.219897E+01,2.231807E+01,2.266899E+01,5.353863E+01,1.619462E+03,0.000000E+00,5.754558E-02,0.000000E+00,0.000000E+00,0.000000E+00,0.000000E+00,0.000000E+00,0.000000E+00,0.000000E+00,0.000000E+00,0.000000E+00,2.219902E+01,2.226968E+01,2.265741E+01,5.411741E+01,3.739331E+03,0.000000E+00,1.328722E-01,0.000000E+00,0.000000E+00,0.000000E+00,0.000000E+00,0.000000E+00,0.000000E+00,0.000000E+00,0.000000E+00,0.000000E+00,2.219896E+01,2.228262E+01,2.260430E+01,5.437279E+01,1.619462E+03,0.000000E+00,5.754558E-02,0.000000E+00,0.000000E+00,0.000000E+00,0.000000E+00,0.000000E+00,0.000000E+00,0.000000E+00,0.000000E+00,0.000000E+00,2.219902E+01,2.226968E+01,2.285408E+01,5.099409E+01,2.954047E+03,0.000000E+00,1.049678E-01,0.000000E+00,0.000000E+00,0.000000E+00,0.000000E+00,0.000000E+00,0.000000E+00,0.000000E+00,0.000000E+00,0.000000E+00,2.219887E+01,2.062306E+01,2.244752E+01,5.755258E+01
23:30:00,3.847054E+03,0.000000E+00,1.367000E-01,0.000000E+00,0.000000E+00,0.000000E+00,0.000000E+00,0.000000E+00,0.000000E+00,0.000000E+00,0.000000E+00,0.000000E+00,2.219897E+01,2.231807E+01,2.257381E+01,5.384889E+01,1.619462E+03,0.000000E+00,5.754558E-02,0.000000E+00,0.000000E+00,0.000000E+00,0.000000E+00,0.000000E+00,0.000000E+00,0.000000E+00,0.000000E+00,0.000000E+00,2.219902E+01,2.226968E+01,2.256506E+01,5.442170E+01,3.739331E+03,0.000000E+00,1.328722E-01,0.000000E+00,0.000000E+00,0.000000E+00,0.000000E+00,0.000000E+00,0.000000E+00,0.000000E+00,0.000000E+00,0.000000E+00,2.219896E+01,2.228262E+01,2.251133E+01,5.468071E+01,1.619462E+03,0.000000E+00,5.754558E-02,0.000000E+00,0.000000E+00,0.000000E+00,0.000000E+00,0.000000E+00,0.000000E+00,0.000000E+00,0.000000E+00,0.000000E+00,2.219902E+01,2.226968E+01,2.273847E+01,5.135277E+01,2.954047E+03,0.000000E+00,1.049678E-01,0.000000E+00,0.000000E+00,0.000000E+00,0.000000E+00,0.000000E+00,0.000000E+00,0.000000E+00,0.000000E+00,0.000000E+00,2.219887E+01,2.062306E+01,2.237236E+01,5.781621E+01
23:45:00,3.847054E+03,0.000000E+00,1.367000E-01,0.000000E+00,0.000000E+00,0.000000E+00,0.000000E+00,0.000000E+00,0.000000E+00,0.000000E+00,0.000000E+00,0.000000E+00,2.219897E+01,2.231807E+01,2.248299E+01,5.414680E+01,1.619462E+03,0.000000E+00,5.754558E-02,0.000000E+00,0.000000E+00,0.000000E+00,0.000000E+00,0.000000E+00,0.000000E+00,0.000000E+00,0.000000E+00,0.000000E+00,2.219902E+01,2.226968E+01,2.247669E+01,5.471468E+01,3.739331E+03,0.000000E+00,1.328722E-01,0.000000E+00,0.000000E+00,0.000000E+00,0.000000E+00,0.000000E+00,0.000000E+00,0.000000E+00,0.000000E+00,0.000000E+00,2.219896E+01,2.228262E+01,2.242251E+01,5.497669E+01,1.619462E+03,0.000000E+00,5.754558E-02,0.000000E+00,0.000000E+00,0.000000E+00,0.000000E+00,0.000000E+00,0.000000E+00,0.000000E+00,0.000000E+00,0.000000E+00,2.219902E+01,2.226968E+01,2.262911E+01,5.169464E+01,2.954047E+03,0.000000E+00,1.049678E-01,0.000000E+00,0.000000E+00,0.000000E+00,0.000000E+00,0.000000E+00,0.000000E+00,0.000000E+00,0.000000E+00,0.000000E+00,2.219887E+01,2.062306E+01,2.230152E+01,5.806594E+01
24:00:00,3.847054E+03,0.000000E+00,1.367000E-01,0.000000E+00,0.000000E+00,0.000000E+00,0.000000E+00,0.000000E+00,0.000000E+00,0.000000E+00,0.000000E+00,0.000000E+00,2.219897E+01,2.231807E+01,2.239609E+01,5.443362E+01,1.619462E+03,0.000000E+00,5.754558E-02,0.000000E+00,0.000000E+00,0.000000E+00,0.000000E+00,0.000000E+00,0.000000E+00,0.000000E+00,0.000000E+00,0.000000E+00,2.219902E+01,2.226968E+01,2.239194E+01,5.499729E+01,3.739331E+03,0.000000E+00,1.328722E-01,0.000000E+00,0.000000E+00,0.000000E+00,0.000000E+00,0.000000E+00,0.000000E+00,0.000000E+00,0.000000E+00,0.000000E+00,2.219896E+01,2.228262E+01,2.233741E+01,5.526196E+01,1.619462E+03,0.000000E+00,5.754558E-02,0.000000E+00,0.000000E+00,0.000000E+00,0.000000E+00,0.000000E+00,0.000000E+00,0.000000E+00,0.000000E+00,0.000000E+00,2.219902E+01,2.226968E+01,2.252561E+01,5.202060E+01,2.954047E+03,0.000000E+00,1.049678E-01,0.000000E+00,0.000000E+00,0.000000E+00,0.000000E+00,0.000000E+00,0.000000E+00,0.000000E+00,0.000000E+00,0.000000E+00,2.219887E+01,2.062306E+01,2.223449E+01,5.830335E+01
Peak,3.847054E+03,2.965968E+03,1.367000E-01,2.933566E-01,0.000000E+00,0.000000E+00,0.000000E+00,0.000000E+00,0.000000E+00,0.000000E+00,0.000000E+00,0.000000E+00,,,,,1.619462E+03,2.364470E+03,5.754558E-02,2.338514E-01,0.000000E+00,0.000000E+00,0.000000E+00,0.000000E+00,0.000000E+00,0.000000E+00,0.000000E+00,0.000000E+00,,,,,3.739331E+03,2.824885E+03,1.328722E-01,2.793910E-01,0.000000E+00,0.000000E+00,0.000000E+00,0.000000E+00,0.000000E+00,0.000000E+00,0.000000E+00,0.000000E+00,,,,,1.619462E+03,2.602186E+03,5.754558E-02,2.573625E-01,0.000000E+00,0.000000E+00,0.000000E+00,0.000000E+00,0.000000E+00,0.000000E+00,0.000000E+00,0.000000E+00,,,,,2.954047E+03,3.222988E+03,1.049678E-01,3.187791E-01,0.000000E+00,0.000000E+00,0.000000E+00,0.000000E+00,0.000000E+00,0.000000E+00,0.000000E+00,0.000000E+00,,,,

Peak Vol Flow (m3/s),,,1.162529E-01,2.494774E-01,,,0.000000E+00,0.000000E+00,,,,,,,,,,,4.893811E-02,1.988728E-01,,,0.000000E+00,0.000000E+00,,,,,,,,,,,1.129976E-01,2.376007E-01,,,0.000000E+00,0.000000E+00,,,,,,,,,,,4.893811E-02,2.188671E-01,,,0.000000E+00,0.000000E+00,,,,,,,,,,,8.926707E-02,2.710973E-01,,,0.000000E+00,0.000000E+00,,,,,,,,
